-- ChurchOS Verifier — 2-month presentable dataset (DATA-ONLY snapshot)
-- Focal parish: St. Mary Magdalene (a1111111-...), Manila. Span: 2026-05-04 .. 2026-06-28.
-- Restore into a DB that already has the 8 churchos-saas-*.sql schema applied:
--   docker exec -i <db> psql -U postgres -d postgres < churchos-2month-seed.sql
-- Throwaway demo data + test logins only (pw Test1234!).

--
-- PostgreSQL database dump
--

\restrict xfdfCfx3kU6csoGB9MbEELLSicgxSpevqp603anVuprc7rxYxwSFL02CtEgv7Co

-- Dumped from database version 17.6
-- Dumped by pg_dump version 17.6

SET statement_timeout = 0;
SET lock_timeout = 0;
SET idle_in_transaction_session_timeout = 0;
SET transaction_timeout = 0;
SET client_encoding = 'UTF8';
SET standard_conforming_strings = on;
SELECT pg_catalog.set_config('search_path', '', false);
SET check_function_bodies = false;
SET xmloption = content;
SET client_min_messages = warning;
SET row_security = off;

--
-- Data for Name: dioceses; Type: TABLE DATA; Schema: public; Owner: -
--

COPY public.dioceses (id, name, created_at) FROM stdin;
11111111-1111-1111-1111-111111111111	Archdiocese of Manila	2026-06-24 04:54:21.605458+00
22222222-2222-2222-2222-222222222222	Diocese of Cubao	2026-06-24 04:54:21.605458+00
\.


--
-- Data for Name: parishes; Type: TABLE DATA; Schema: public; Owner: -
--

COPY public.parishes (id, diocese_id, name, config, billing_status, created_at, slug, public_config) FROM stdin;
b1111111-1111-1111-1111-111111111111	22222222-2222-2222-2222-222222222222	Sto. Niño Parish	{}	active	2026-06-24 04:54:21.607933+00	\N	{}
a2222222-2222-2222-2222-222222222222	11111111-1111-1111-1111-111111111111	San Roque Parish	{}	active	2026-06-24 04:54:21.607933+00	san-roque	{"fees": {"certificate": 150, "mass_intention": 250}, "intake_enabled": true}
a1111111-1111-1111-1111-111111111111	11111111-1111-1111-1111-111111111111	St. Mary Magdalene Parish	{}	active	2026-06-24 04:54:21.607933+00	st-mary	{"fees": {"certificate": 150, "event_booking": 1500, "mass_intention": 200}, "contact": {"email": "office@stmary.test", "phone": "(02) 8xxx"}, "services": ["mass_intention", "certificate", "donation", "event_booking"], "intake_enabled": true}
\.


--
-- Data for Name: service_requests; Type: TABLE DATA; Schema: public; Owner: -
--

COPY public.service_requests (id, parish_id, public_token, type, status, requester_name, requester_email, requester_phone, requested_date, details, amount, payment_status, payment_ref, created_at, updated_at) FROM stdin;
05716c51-f582-4c24-906a-6bd2c42bc1fd	a1111111-1111-1111-1111-111111111111	f9825bfa-cef1-4bab-9c98-e860393f89c4	certificate	submitted	Andres Castillo	req0@mail.test	09178898007	2026-06-03	{"forWhom": "Juan Gonzales", "certType": "Baptismal certificate"}	\N	unpaid	\N	2026-06-24 05:07:01.440689+00	2026-06-24 05:07:01.440689+00
28d7f1ca-69ac-4fff-8711-0670a469a510	a1111111-1111-1111-1111-111111111111	4d97e996-ae06-403c-b07b-9cafe670935d	donation	submitted	Manuel Salazar	req1@mail.test	09177184551	2026-06-06	{"note": "Pamisa para sa yumao", "amount": 850}	\N	unpaid	\N	2026-06-24 05:07:01.445399+00	2026-06-24 05:07:01.445399+00
10e5b272-b790-4f37-b40e-d4b7d5c22746	a1111111-1111-1111-1111-111111111111	dbe68623-0912-4a4d-8a99-fd74cecf26ee	mass_intention	submitted	Teresa Bautista	req2@mail.test	09171951112	2026-05-22	{"forWhom": "Rosa Gonzales", "intention": "Thanksgiving"}	\N	unpaid	\N	2026-06-24 05:07:01.449201+00	2026-06-24 05:07:01.449201+00
e13c974b-1a4c-4a8f-b1ac-ab1032c58e3c	a1111111-1111-1111-1111-111111111111	5950869c-edc8-4a51-ae60-a05d785736fd	certificate	submitted	Teresa Villanueva	req3@mail.test	09171234968	2026-06-27	{"forWhom": "Lourdes Ocampo", "certType": "Baptismal certificate"}	\N	unpaid	\N	2026-06-24 05:07:01.453024+00	2026-06-24 05:07:01.453024+00
d6c2c45e-ec2b-4379-b194-4835eefbfeef	a1111111-1111-1111-1111-111111111111	c08a9f85-e1f2-4352-824b-0d6915db7dd7	mass_intention	submitted	Ramon Santos	req4@mail.test	09177573933	2026-05-26	{"forWhom": "Teresa Aquino", "intention": "Thanksgiving"}	\N	unpaid	\N	2026-06-24 05:07:01.456938+00	2026-06-24 05:07:01.456938+00
d1d34201-d153-4be2-a80d-6fbd10fdeb71	a1111111-1111-1111-1111-111111111111	870867ca-3408-468a-9974-32410175dbfe	donation	submitted	Jose Ramos	req5@mail.test	09171157845	2026-05-04	{"note": "Pamisa para sa yumao", "amount": 750}	\N	unpaid	\N	2026-06-24 05:07:01.46028+00	2026-06-24 05:07:01.46028+00
72de7332-2562-4542-a173-52913c4fc330	a1111111-1111-1111-1111-111111111111	428fc5f3-d965-4b7b-9663-3eb83b823697	mass_intention	submitted	Imelda Salazar	req6@mail.test	09171789414	2026-06-23	{"forWhom": "Juan Salazar", "intention": "Thanksgiving"}	\N	unpaid	\N	2026-06-24 05:07:01.463752+00	2026-06-24 05:07:01.463752+00
8fc8a476-ab68-4ceb-abee-7b43d6c59cca	a1111111-1111-1111-1111-111111111111	2f0a089b-875b-4016-88f3-729bce151c1a	certificate	submitted	Fernando Torres	req7@mail.test	09175972364	2026-06-01	{"forWhom": "Pedro Reyes", "certType": "Baptismal certificate"}	\N	unpaid	\N	2026-06-24 05:07:01.467002+00	2026-06-24 05:07:01.467002+00
058600a0-0c89-47e3-bf5b-717203b0e7b6	a1111111-1111-1111-1111-111111111111	9fed38ac-0abd-4b5f-982f-89da6f8afbe7	mass_intention	submitted	Andres Ocampo	req8@mail.test	09177494205	2026-06-04	{"forWhom": "Ramon Domingo", "intention": "Thanksgiving"}	\N	unpaid	\N	2026-06-24 05:07:01.470273+00	2026-06-24 05:07:01.470273+00
2d72d22f-7fc2-42a0-a028-ef1b42934465	a1111111-1111-1111-1111-111111111111	d9f43b03-e97c-489b-a77a-9a34488bfac3	certificate	submitted	Juan Salazar	req9@mail.test	09175863420	2026-06-16	{"forWhom": "Fernando Castillo", "certType": "Baptismal certificate"}	\N	unpaid	\N	2026-06-24 05:07:01.473263+00	2026-06-24 05:07:01.473263+00
1c6fb0cd-a08c-497f-9cd1-1dac8fa08657	a1111111-1111-1111-1111-111111111111	9eb2b1dd-d8d5-4153-9312-338e3a0db2ab	certificate	submitted	Ricardo Pascual	req10@mail.test	09178988708	2026-05-15	{"forWhom": "Imelda Aquino", "certType": "Baptismal certificate"}	\N	unpaid	\N	2026-06-24 05:07:01.476316+00	2026-06-24 05:07:01.476316+00
8d3636a9-af32-4235-a1fe-e5acb2803b90	a1111111-1111-1111-1111-111111111111	e3a6047f-af4c-4248-a87c-c55e5445d6aa	certificate	submitted	Gloria Navarro	req11@mail.test	09177743648	2026-05-27	{"forWhom": "Pedro Cruz", "certType": "Baptismal certificate"}	\N	unpaid	\N	2026-06-24 05:07:01.479387+00	2026-06-24 05:07:01.479387+00
e65f59b0-843c-424d-a5fc-bb5bbd37db9d	a1111111-1111-1111-1111-111111111111	71509e79-743a-4343-8094-20df36d6265e	donation	submitted	Gloria Villanueva	req12@mail.test	09171463952	2026-05-05	{"note": "Pamisa para sa yumao", "amount": 1500}	\N	unpaid	\N	2026-06-24 05:07:01.482398+00	2026-06-24 05:07:01.482398+00
0a3eb699-13b0-48df-906a-7e3a9364f4d2	a1111111-1111-1111-1111-111111111111	0b21c865-7a09-46f7-8dbf-ad4417135d9a	donation	submitted	Ricardo Domingo	req13@mail.test	09172199255	2026-05-23	{"note": "Pamisa para sa yumao", "amount": 1150}	\N	unpaid	\N	2026-06-24 05:07:01.485471+00	2026-06-24 05:07:01.485471+00
6c4185ec-ef73-4c4e-b021-2f883b8744a0	a1111111-1111-1111-1111-111111111111	80d5ab78-c70c-44bc-aed8-50f3436dc750	mass_intention	submitted	Carmen Bautista	req14@mail.test	09179268324	2026-05-06	{"forWhom": "Teresa Torres", "intention": "Thanksgiving"}	\N	unpaid	\N	2026-06-24 05:07:01.488435+00	2026-06-24 05:07:01.488435+00
6015a231-ff3b-4a11-ad4f-38ca5af279d1	a1111111-1111-1111-1111-111111111111	2034a8b0-e93e-4268-a5b9-906225007280	mass_intention	submitted	Pedro Ramos	req15@mail.test	09174247459	2026-06-13	{"forWhom": "Fernando Mendoza", "intention": "Thanksgiving"}	\N	unpaid	\N	2026-06-24 05:07:01.491402+00	2026-06-24 05:07:01.491402+00
c1eb7425-ed7b-4b64-99d4-2ccac2e8ebd5	a1111111-1111-1111-1111-111111111111	4ae31b09-2554-49f3-a32b-4b7c6f723267	mass_intention	submitted	Antonio Salazar	req16@mail.test	09173344939	2026-05-08	{"forWhom": "Carmen Salazar", "intention": "Thanksgiving"}	\N	unpaid	\N	2026-06-24 05:07:01.494218+00	2026-06-24 05:07:01.494218+00
cd6b6d30-f9f0-4f3f-ad18-dc06052a44cf	a1111111-1111-1111-1111-111111111111	2c0778fe-dab6-4c8e-9e70-2ddd9027f21c	certificate	submitted	Lourdes Pascual	req17@mail.test	09179246396	2026-06-22	{"forWhom": "Fernando Pascual", "certType": "Baptismal certificate"}	\N	unpaid	\N	2026-06-24 05:07:01.497026+00	2026-06-24 05:07:01.497026+00
b6f042e5-cc5a-4ae1-99a5-95c8150f6796	a1111111-1111-1111-1111-111111111111	73955b24-8ed0-47b2-b43f-04e3c6d7ba59	donation	submitted	Juan Pascual	req18@mail.test	09178182802	2026-05-26	{"note": "Pamisa para sa yumao", "amount": 800}	\N	unpaid	\N	2026-06-24 05:07:01.499899+00	2026-06-24 05:07:01.499899+00
52fff5c6-5e1f-4549-83e4-4349e564d94d	a1111111-1111-1111-1111-111111111111	b4fff860-7719-4d5c-b4e1-d684932bd6f1	donation	submitted	Pedro Flores	req19@mail.test	09176730357	2026-06-24	{"note": "Pamisa para sa yumao", "amount": 350}	\N	unpaid	\N	2026-06-24 05:07:01.503002+00	2026-06-24 05:07:01.503002+00
27486e53-85c4-4658-8214-e47fbbb3de44	a1111111-1111-1111-1111-111111111111	52491f32-4968-428a-91c1-4763b0d82e83	mass_intention	submitted	Juan Reyes	req20@mail.test	09177477666	2026-06-24	{"forWhom": "Luz Torres", "intention": "Thanksgiving"}	\N	unpaid	\N	2026-06-24 05:07:01.505968+00	2026-06-24 05:07:01.505968+00
51e845db-0584-47c8-a9c0-f0a48c7494e3	a1111111-1111-1111-1111-111111111111	8c74dfcb-83ec-435f-806b-96df8c96f2ca	donation	submitted	Ana Mendoza	req21@mail.test	09178885506	2026-06-04	{"note": "Pamisa para sa yumao", "amount": 1050}	\N	unpaid	\N	2026-06-24 05:07:01.509096+00	2026-06-24 05:07:01.509096+00
3bb91f2f-eb87-40a2-a28e-8021599ade44	a1111111-1111-1111-1111-111111111111	f0dd8c66-9662-4c86-93a2-1bad44e1d413	donation	submitted	Imelda Tolentino	req22@mail.test	09171470032	2026-06-10	{"note": "Pamisa para sa yumao", "amount": 2400}	\N	unpaid	\N	2026-06-24 05:07:01.511959+00	2026-06-24 05:07:01.511959+00
d270f1b5-cd2a-496b-95e5-94f05cd9b8a9	a1111111-1111-1111-1111-111111111111	5aa735f1-4c69-444c-af6c-9742ca4c8059	mass_intention	submitted	Cristina Flores	req23@mail.test	09176153422	2026-06-08	{"forWhom": "Gloria Aquino", "intention": "Thanksgiving"}	\N	unpaid	\N	2026-06-24 05:07:01.514933+00	2026-06-24 05:07:01.514933+00
304c2360-ed0c-4b8a-96d5-5322f23de906	a1111111-1111-1111-1111-111111111111	b310bebb-aced-4d99-a5c8-6086008fe2d3	mass_intention	submitted	Eduardo Ramos	req24@mail.test	09171067213	2026-06-01	{"forWhom": "Cristina Ocampo", "intention": "Thanksgiving"}	\N	unpaid	\N	2026-06-24 05:07:01.51782+00	2026-06-24 05:07:01.51782+00
50e6db05-c107-4112-9161-86f38b31f2fa	a1111111-1111-1111-1111-111111111111	4154a945-3f60-4492-a5e8-97b27cd047fa	certificate	submitted	Luz Cruz	req25@mail.test	09178530785	2026-05-09	{"forWhom": "Ana Santos", "certType": "Baptismal certificate"}	\N	unpaid	\N	2026-06-24 05:07:01.520709+00	2026-06-24 05:07:01.520709+00
0c47c40a-e5d3-4919-9037-6c7201fc8f53	a1111111-1111-1111-1111-111111111111	95a639b3-db6e-4b64-888d-0cee8631d413	mass_intention	submitted	Ricardo Bautista	req26@mail.test	09176119967	2026-05-23	{"forWhom": "Maria Domingo", "intention": "Thanksgiving"}	\N	unpaid	\N	2026-06-24 05:07:01.523677+00	2026-06-24 05:07:01.523677+00
25e5af6d-de73-4c86-95b3-08f33d297eb8	a1111111-1111-1111-1111-111111111111	767a1615-e948-4040-8a0b-cf0e991c2a9c	certificate	submitted	Antonio Salazar	req27@mail.test	09178567459	2026-05-13	{"forWhom": "Cristina Castillo", "certType": "Baptismal certificate"}	\N	unpaid	\N	2026-06-24 05:07:01.526431+00	2026-06-24 05:07:01.526431+00
5a475c6d-dcf1-41ee-b80e-7a11aafd5e63	a1111111-1111-1111-1111-111111111111	a00b5cae-af4f-4195-b79e-7b1b70ff3fac	mass_intention	submitted	Juan Santos	req28@mail.test	09175593648	2026-06-03	{"forWhom": "Teresa Reyes", "intention": "Thanksgiving"}	\N	unpaid	\N	2026-06-24 05:07:01.529464+00	2026-06-24 05:07:01.529464+00
3a39aba8-0088-4c21-ba10-5e8a6afccae6	a1111111-1111-1111-1111-111111111111	83beb3db-bf01-4b3a-992a-c9d73dac5c4f	mass_intention	submitted	Antonio Ocampo	req29@mail.test	09179176281	2026-05-16	{"forWhom": "Andres Gonzales", "intention": "Thanksgiving"}	\N	unpaid	\N	2026-06-24 05:07:01.532459+00	2026-06-24 05:07:01.532459+00
c7f7c0cc-8bf9-4b18-ae8e-7f73e2dbb379	a1111111-1111-1111-1111-111111111111	47bcb129-3f14-4d44-941c-76123761462d	certificate	submitted	Teresa Ocampo	req30@mail.test	09179554739	2026-06-17	{"forWhom": "Andres Garcia", "certType": "Baptismal certificate"}	\N	unpaid	\N	2026-06-24 05:07:01.535419+00	2026-06-24 05:07:01.535419+00
8b794d71-0a54-4afa-8861-646564d4f6cf	a1111111-1111-1111-1111-111111111111	d9651226-64a7-4494-b78e-f5e197030768	certificate	submitted	Andres Castillo	req31@mail.test	09172522860	2026-05-15	{"forWhom": "Jose Torres", "certType": "Baptismal certificate"}	\N	unpaid	\N	2026-06-24 05:07:01.538473+00	2026-06-24 05:07:01.538473+00
0021d2c8-565b-4e0b-a456-6599f348cd89	a1111111-1111-1111-1111-111111111111	a0891347-e88f-4cff-8b13-8f8ec1a2fc1d	mass_intention	submitted	Teresa Bautista	req32@mail.test	09173451562	2026-05-15	{"forWhom": "Rosa Pascual", "intention": "Thanksgiving"}	\N	unpaid	\N	2026-06-24 05:07:01.541307+00	2026-06-24 05:07:01.541307+00
163704d9-5ad6-4919-a77f-53ba893dfb43	a1111111-1111-1111-1111-111111111111	7f545e6a-b5f2-4b28-b06e-de098449d38a	mass_intention	submitted	Pedro Salazar	req33@mail.test	09176540870	2026-06-24	{"forWhom": "Maria Flores", "intention": "Thanksgiving"}	\N	unpaid	\N	2026-06-24 05:07:01.544288+00	2026-06-24 05:07:01.544288+00
afdb7a5e-bca1-4579-9381-d91200ce82a7	a1111111-1111-1111-1111-111111111111	a243151a-7db1-46c3-b107-672507ac8629	mass_intention	submitted	Eduardo Tolentino	req34@mail.test	09172024117	2026-06-16	{"forWhom": "Eduardo Torres", "intention": "Thanksgiving"}	\N	unpaid	\N	2026-06-24 05:07:01.54732+00	2026-06-24 05:07:01.54732+00
668873dd-53cb-4190-9959-20da0841e976	a1111111-1111-1111-1111-111111111111	1d426e26-a550-4ae6-87ed-6198e38c5be3	donation	submitted	Teresa Garcia	req35@mail.test	09172934535	2026-06-01	{"note": "Pamisa para sa yumao", "amount": 200}	\N	unpaid	\N	2026-06-24 05:07:01.550129+00	2026-06-24 05:07:01.550129+00
284a4e59-d34e-4d3d-a7e3-193a11563934	a1111111-1111-1111-1111-111111111111	610a8ad7-b516-4d87-a266-734e129aea8a	mass_intention	submitted	Manuel Ocampo	req36@mail.test	09178479055	2026-06-16	{"forWhom": "Lourdes del Rosario", "intention": "Thanksgiving"}	\N	unpaid	\N	2026-06-24 05:07:01.55309+00	2026-06-24 05:07:01.55309+00
9f71f3a9-26ee-4951-9e21-a27d6dcae2cd	a1111111-1111-1111-1111-111111111111	20274f99-a723-4f05-820e-c6a3637cbb54	mass_intention	submitted	Luz Villanueva	req37@mail.test	09171556052	2026-05-15	{"forWhom": "Juan Gonzales", "intention": "Thanksgiving"}	\N	unpaid	\N	2026-06-24 05:07:01.556112+00	2026-06-24 05:07:01.556112+00
ec4f05cf-97c3-4d94-a001-6cd954585f05	a1111111-1111-1111-1111-111111111111	3f02b143-c1f6-463a-8618-62bcb7902fed	mass_intention	submitted	Luz Cruz	req38@mail.test	09175803855	2026-05-18	{"forWhom": "Manuel Cruz", "intention": "Thanksgiving"}	\N	unpaid	\N	2026-06-24 05:07:01.55929+00	2026-06-24 05:07:01.55929+00
5f57427e-1e5c-4e49-8318-0d2c180f5ba5	a1111111-1111-1111-1111-111111111111	a283b197-7135-4a56-88e4-018167c42e68	certificate	submitted	Teresa Garcia	req39@mail.test	09172063699	2026-06-13	{"forWhom": "Eduardo Bautista", "certType": "Baptismal certificate"}	\N	unpaid	\N	2026-06-24 05:07:01.56277+00	2026-06-24 05:07:01.56277+00
30d283d9-0e45-426d-a566-dac72bcf72e4	a1111111-1111-1111-1111-111111111111	2988ee92-2640-4864-a3a4-cb7747694b1e	event_booking	submitted	Fernando Bautista	book0@mail.test	09170000000	2026-06-27	{"note": "Online booking", "slot_at": "2026-06-27T09:00:00+00:00", "event_type": "baptism"}	1500	unpaid	\N	2026-06-24 05:07:01.579041+00	2026-06-24 05:07:01.579041+00
77b892b3-b785-4a93-be63-0f27ad67d3f7	a1111111-1111-1111-1111-111111111111	9a4585d7-3346-40f4-a596-09c68c8ce4c9	event_booking	submitted	Rosa Aquino	book1@mail.test	09170000000	2026-06-27	{"note": "Online booking", "slot_at": "2026-06-27T11:00:00+00:00", "event_type": "baptism"}	1500	unpaid	\N	2026-06-24 05:07:01.584148+00	2026-06-24 05:07:01.584148+00
934aae52-dcf9-4f05-80a4-e08024e32626	a1111111-1111-1111-1111-111111111111	0498e326-0814-4f3a-b24e-4b89408979bd	event_booking	submitted	Luz Torres	book2@mail.test	09170000000	2026-06-27	{"note": "Online booking", "slot_at": "2026-06-27T14:00:00+00:00", "event_type": "baptism"}	1500	unpaid	\N	2026-06-24 05:07:01.587519+00	2026-06-24 05:07:01.587519+00
26998218-10c9-4934-8fce-3fd952d3f498	a1111111-1111-1111-1111-111111111111	97197a59-9813-46aa-8584-94a3a92153b0	event_booking	submitted	Ricardo Mendoza	book3@mail.test	09170000000	2026-06-27	{"note": "Online booking", "slot_at": "2026-06-27T09:00:00+00:00", "event_type": "wedding"}	1500	unpaid	\N	2026-06-24 05:07:01.590887+00	2026-06-24 05:07:01.590887+00
3b38c029-dfc5-4bc9-9cc4-1a39f7fbad67	a1111111-1111-1111-1111-111111111111	5380f2d1-59cc-47f1-abc3-d55a712d88b0	event_booking	submitted	Antonio Salazar	book4@mail.test	09170000000	2026-06-27	{"note": "Online booking", "slot_at": "2026-06-27T11:00:00+00:00", "event_type": "wedding"}	1500	unpaid	\N	2026-06-24 05:07:01.594425+00	2026-06-24 05:07:01.594425+00
60e96d9b-05d8-49cd-9783-43d60efd313b	a1111111-1111-1111-1111-111111111111	53a7b158-c34c-431b-914e-0ce1d5b2c82c	event_booking	submitted	Lourdes Pascual	book5@mail.test	09170000000	2026-06-27	{"note": "Online booking", "slot_at": "2026-06-27T14:00:00+00:00", "event_type": "wedding"}	1500	unpaid	\N	2026-06-24 05:07:01.597849+00	2026-06-24 05:07:01.597849+00
b05327bb-03c8-41d0-bf56-d5fe34b740c6	a1111111-1111-1111-1111-111111111111	6d5aa030-4cae-4796-ba8d-82cd6732bc1b	event_booking	submitted	Cristina Ocampo	book6@mail.test	09170000000	2026-06-27	{"note": "Online booking", "slot_at": "2026-06-27T09:00:00+00:00", "event_type": "funeral"}	1500	unpaid	\N	2026-06-24 05:07:01.601408+00	2026-06-24 05:07:01.601408+00
27db74d0-9ce7-4fdd-961e-2c949b132817	a1111111-1111-1111-1111-111111111111	659ac837-8c4f-4df5-942a-8be34bc67c22	event_booking	submitted	Lourdes Reyes	book7@mail.test	09170000000	2026-06-27	{"note": "Online booking", "slot_at": "2026-06-27T11:00:00+00:00", "event_type": "funeral"}	1500	unpaid	\N	2026-06-24 05:07:01.604474+00	2026-06-24 05:07:01.604474+00
dacbbf31-8038-42b4-8be2-7a00ae911e1e	a1111111-1111-1111-1111-111111111111	aa9ebddc-5cc5-4091-a422-002bfe6235db	event_booking	submitted	First Caller	race1@mail.test	1	2026-06-27	{"slot_at": "2026-06-27T14:00:00+00:00", "event_type": "funeral"}	1500	unpaid	\N	2026-06-24 05:07:01.610227+00	2026-06-24 05:07:01.610227+00
\.


--
-- Data for Name: availability_slots; Type: TABLE DATA; Schema: public; Owner: -
--

COPY public.availability_slots (id, parish_id, type, slot_at, duration_min, status, request_id, held_until, created_at, updated_at) FROM stdin;
2aac2359-a598-4f29-86b3-e5e455ba5c72	a1111111-1111-1111-1111-111111111111	baptism	2026-05-09 09:00:00+00	60	open	\N	\N	2026-06-24 05:07:01.571786+00	2026-06-24 05:07:01.571786+00
7ee4a02e-8628-4f03-8ff2-d1ac8f2e3576	a1111111-1111-1111-1111-111111111111	baptism	2026-05-09 11:00:00+00	60	open	\N	\N	2026-06-24 05:07:01.571786+00	2026-06-24 05:07:01.571786+00
f8a480d1-1d8d-46bd-a36a-b707ffd61fea	a1111111-1111-1111-1111-111111111111	baptism	2026-05-09 14:00:00+00	60	open	\N	\N	2026-06-24 05:07:01.571786+00	2026-06-24 05:07:01.571786+00
89015d9e-1cef-45f4-9e18-4fb32f3cce16	a1111111-1111-1111-1111-111111111111	wedding	2026-05-09 09:00:00+00	60	open	\N	\N	2026-06-24 05:07:01.571786+00	2026-06-24 05:07:01.571786+00
38a8f678-37df-4bc4-93a4-6b3de4876a98	a1111111-1111-1111-1111-111111111111	wedding	2026-05-09 11:00:00+00	60	open	\N	\N	2026-06-24 05:07:01.571786+00	2026-06-24 05:07:01.571786+00
6c8c229b-be8c-455a-b231-b7ab81ba7fa9	a1111111-1111-1111-1111-111111111111	wedding	2026-05-09 14:00:00+00	60	open	\N	\N	2026-06-24 05:07:01.571786+00	2026-06-24 05:07:01.571786+00
0af54cbe-5ef1-485a-b653-1f0354e74a4f	a1111111-1111-1111-1111-111111111111	funeral	2026-05-09 09:00:00+00	60	open	\N	\N	2026-06-24 05:07:01.571786+00	2026-06-24 05:07:01.571786+00
d44acd2f-a3cc-46d7-937e-01dbbfa00b35	a1111111-1111-1111-1111-111111111111	funeral	2026-05-09 11:00:00+00	60	open	\N	\N	2026-06-24 05:07:01.571786+00	2026-06-24 05:07:01.571786+00
84df496d-c4bf-407f-93ca-d9486196c813	a1111111-1111-1111-1111-111111111111	funeral	2026-05-09 14:00:00+00	60	open	\N	\N	2026-06-24 05:07:01.571786+00	2026-06-24 05:07:01.571786+00
4b53c0a6-364b-4bfd-a6cd-94f2b0177c97	a1111111-1111-1111-1111-111111111111	baptism	2026-05-16 09:00:00+00	60	open	\N	\N	2026-06-24 05:07:01.571786+00	2026-06-24 05:07:01.571786+00
73b4bf04-282f-4ec6-ae37-0d15e87151dd	a1111111-1111-1111-1111-111111111111	baptism	2026-05-16 11:00:00+00	60	open	\N	\N	2026-06-24 05:07:01.571786+00	2026-06-24 05:07:01.571786+00
375cae78-7867-4ddc-bbc9-877720ad0d93	a1111111-1111-1111-1111-111111111111	baptism	2026-05-16 14:00:00+00	60	open	\N	\N	2026-06-24 05:07:01.571786+00	2026-06-24 05:07:01.571786+00
28304827-4720-49d0-9dd9-4033352b1fbf	a1111111-1111-1111-1111-111111111111	wedding	2026-05-16 09:00:00+00	60	open	\N	\N	2026-06-24 05:07:01.571786+00	2026-06-24 05:07:01.571786+00
24b82b9c-1764-4d6c-a65b-a62f99db6d06	a1111111-1111-1111-1111-111111111111	wedding	2026-05-16 11:00:00+00	60	open	\N	\N	2026-06-24 05:07:01.571786+00	2026-06-24 05:07:01.571786+00
e777fa55-d2a2-472c-b48f-f5af69dbb98f	a1111111-1111-1111-1111-111111111111	wedding	2026-05-16 14:00:00+00	60	open	\N	\N	2026-06-24 05:07:01.571786+00	2026-06-24 05:07:01.571786+00
1a831626-6e77-4d9b-82eb-9b7e8967cd65	a1111111-1111-1111-1111-111111111111	funeral	2026-05-16 09:00:00+00	60	open	\N	\N	2026-06-24 05:07:01.571786+00	2026-06-24 05:07:01.571786+00
070f4c1b-401d-4172-9030-aa554687255e	a1111111-1111-1111-1111-111111111111	funeral	2026-05-16 11:00:00+00	60	open	\N	\N	2026-06-24 05:07:01.571786+00	2026-06-24 05:07:01.571786+00
09b0408c-12a4-4f02-982d-45126e8f7954	a1111111-1111-1111-1111-111111111111	funeral	2026-05-16 14:00:00+00	60	open	\N	\N	2026-06-24 05:07:01.571786+00	2026-06-24 05:07:01.571786+00
94fd266d-b639-4ca4-85e6-d4623b4989b3	a1111111-1111-1111-1111-111111111111	baptism	2026-05-23 09:00:00+00	60	open	\N	\N	2026-06-24 05:07:01.571786+00	2026-06-24 05:07:01.571786+00
ae8f6936-9433-4157-a39b-eacf86b287b9	a1111111-1111-1111-1111-111111111111	baptism	2026-05-23 11:00:00+00	60	open	\N	\N	2026-06-24 05:07:01.571786+00	2026-06-24 05:07:01.571786+00
29a27d5e-dd2e-4190-a9ff-7aff66d23da3	a1111111-1111-1111-1111-111111111111	baptism	2026-05-23 14:00:00+00	60	open	\N	\N	2026-06-24 05:07:01.571786+00	2026-06-24 05:07:01.571786+00
9fcbd1ed-ca12-45b3-a966-6b4e0b078e20	a1111111-1111-1111-1111-111111111111	wedding	2026-05-23 09:00:00+00	60	open	\N	\N	2026-06-24 05:07:01.571786+00	2026-06-24 05:07:01.571786+00
61e274a0-07a2-4cb7-ab90-1b1134736ad3	a1111111-1111-1111-1111-111111111111	wedding	2026-05-23 11:00:00+00	60	open	\N	\N	2026-06-24 05:07:01.571786+00	2026-06-24 05:07:01.571786+00
9c3a4539-6d65-4de6-b2a1-12f543091a41	a1111111-1111-1111-1111-111111111111	wedding	2026-05-23 14:00:00+00	60	open	\N	\N	2026-06-24 05:07:01.571786+00	2026-06-24 05:07:01.571786+00
47450275-f788-4299-b4d4-58e27e4f2e0b	a1111111-1111-1111-1111-111111111111	funeral	2026-05-23 09:00:00+00	60	open	\N	\N	2026-06-24 05:07:01.571786+00	2026-06-24 05:07:01.571786+00
fcd19a7d-b153-45d2-8a5d-aff7d0c6e7c7	a1111111-1111-1111-1111-111111111111	funeral	2026-05-23 11:00:00+00	60	open	\N	\N	2026-06-24 05:07:01.571786+00	2026-06-24 05:07:01.571786+00
adf57536-4186-45ff-9f24-d4b8775cff50	a1111111-1111-1111-1111-111111111111	funeral	2026-05-23 14:00:00+00	60	open	\N	\N	2026-06-24 05:07:01.571786+00	2026-06-24 05:07:01.571786+00
795ebb92-634d-4982-aaad-6ec75c075e75	a1111111-1111-1111-1111-111111111111	baptism	2026-05-30 09:00:00+00	60	open	\N	\N	2026-06-24 05:07:01.571786+00	2026-06-24 05:07:01.571786+00
0d28fbee-cb75-4e87-be98-4d485b2c248b	a1111111-1111-1111-1111-111111111111	baptism	2026-05-30 11:00:00+00	60	open	\N	\N	2026-06-24 05:07:01.571786+00	2026-06-24 05:07:01.571786+00
5d0cf9c7-d9bb-48f6-bb77-251848a91347	a1111111-1111-1111-1111-111111111111	baptism	2026-05-30 14:00:00+00	60	open	\N	\N	2026-06-24 05:07:01.571786+00	2026-06-24 05:07:01.571786+00
3e27e7f4-6215-4fe7-8ba2-43539d051071	a1111111-1111-1111-1111-111111111111	wedding	2026-05-30 09:00:00+00	60	open	\N	\N	2026-06-24 05:07:01.571786+00	2026-06-24 05:07:01.571786+00
f1ed940b-8a1c-4ee1-baaa-894acea907c6	a1111111-1111-1111-1111-111111111111	wedding	2026-05-30 11:00:00+00	60	open	\N	\N	2026-06-24 05:07:01.571786+00	2026-06-24 05:07:01.571786+00
e17c9bce-8d01-4fb1-98a7-f21bed344cf4	a1111111-1111-1111-1111-111111111111	wedding	2026-05-30 14:00:00+00	60	open	\N	\N	2026-06-24 05:07:01.571786+00	2026-06-24 05:07:01.571786+00
83488853-4755-40d0-b1b6-84c669c48e49	a1111111-1111-1111-1111-111111111111	funeral	2026-05-30 09:00:00+00	60	open	\N	\N	2026-06-24 05:07:01.571786+00	2026-06-24 05:07:01.571786+00
f82c9329-c6e1-4f49-864a-3470f98b50a3	a1111111-1111-1111-1111-111111111111	funeral	2026-05-30 11:00:00+00	60	open	\N	\N	2026-06-24 05:07:01.571786+00	2026-06-24 05:07:01.571786+00
15e4d90e-d25f-4947-86c5-6509d1ef2043	a1111111-1111-1111-1111-111111111111	funeral	2026-05-30 14:00:00+00	60	open	\N	\N	2026-06-24 05:07:01.571786+00	2026-06-24 05:07:01.571786+00
059112f9-9964-4804-b2c8-00b9fa054882	a1111111-1111-1111-1111-111111111111	baptism	2026-06-06 09:00:00+00	60	open	\N	\N	2026-06-24 05:07:01.571786+00	2026-06-24 05:07:01.571786+00
44d9c288-e322-4efa-b97a-b0284b143c55	a1111111-1111-1111-1111-111111111111	baptism	2026-06-06 11:00:00+00	60	open	\N	\N	2026-06-24 05:07:01.571786+00	2026-06-24 05:07:01.571786+00
abc94adb-91f8-4cd2-bf6d-fd49386e00e1	a1111111-1111-1111-1111-111111111111	baptism	2026-06-06 14:00:00+00	60	open	\N	\N	2026-06-24 05:07:01.571786+00	2026-06-24 05:07:01.571786+00
929df15c-e6f9-4070-be7c-3d96a0c35362	a1111111-1111-1111-1111-111111111111	wedding	2026-06-06 09:00:00+00	60	open	\N	\N	2026-06-24 05:07:01.571786+00	2026-06-24 05:07:01.571786+00
5e417915-126f-4345-8086-14a52def4978	a1111111-1111-1111-1111-111111111111	wedding	2026-06-06 11:00:00+00	60	open	\N	\N	2026-06-24 05:07:01.571786+00	2026-06-24 05:07:01.571786+00
1a7e23b4-7450-47a6-bd2d-35d6fbfb848a	a1111111-1111-1111-1111-111111111111	wedding	2026-06-06 14:00:00+00	60	open	\N	\N	2026-06-24 05:07:01.571786+00	2026-06-24 05:07:01.571786+00
14151af5-9b54-40b2-9671-e215a737c1c5	a1111111-1111-1111-1111-111111111111	funeral	2026-06-06 09:00:00+00	60	open	\N	\N	2026-06-24 05:07:01.571786+00	2026-06-24 05:07:01.571786+00
62c5b72c-199f-41b5-9fc0-7ea1b351ef13	a1111111-1111-1111-1111-111111111111	funeral	2026-06-06 11:00:00+00	60	open	\N	\N	2026-06-24 05:07:01.571786+00	2026-06-24 05:07:01.571786+00
acec0ca9-974a-4d11-bdc6-c75096974453	a1111111-1111-1111-1111-111111111111	funeral	2026-06-06 14:00:00+00	60	open	\N	\N	2026-06-24 05:07:01.571786+00	2026-06-24 05:07:01.571786+00
43f800d4-c7b9-4c2f-9d73-8d9ab7d38af5	a1111111-1111-1111-1111-111111111111	baptism	2026-06-13 09:00:00+00	60	open	\N	\N	2026-06-24 05:07:01.571786+00	2026-06-24 05:07:01.571786+00
971ffc88-fb55-49b2-8027-e4532ca5987a	a1111111-1111-1111-1111-111111111111	baptism	2026-06-13 11:00:00+00	60	open	\N	\N	2026-06-24 05:07:01.571786+00	2026-06-24 05:07:01.571786+00
e038dd11-d359-4f61-a0ab-8f24517415e0	a1111111-1111-1111-1111-111111111111	baptism	2026-06-13 14:00:00+00	60	open	\N	\N	2026-06-24 05:07:01.571786+00	2026-06-24 05:07:01.571786+00
29965cc3-1f75-4718-a5c2-e256932e0622	a1111111-1111-1111-1111-111111111111	wedding	2026-06-13 09:00:00+00	60	open	\N	\N	2026-06-24 05:07:01.571786+00	2026-06-24 05:07:01.571786+00
b109192f-dfc3-469b-ae7f-37b61c3c76ac	a1111111-1111-1111-1111-111111111111	wedding	2026-06-13 11:00:00+00	60	open	\N	\N	2026-06-24 05:07:01.571786+00	2026-06-24 05:07:01.571786+00
b92d15d7-e53b-4818-900e-344ad8a1af0e	a1111111-1111-1111-1111-111111111111	wedding	2026-06-13 14:00:00+00	60	open	\N	\N	2026-06-24 05:07:01.571786+00	2026-06-24 05:07:01.571786+00
efe62b82-9b1d-4b7f-9aaf-4b9b05a7a2d0	a1111111-1111-1111-1111-111111111111	funeral	2026-06-13 09:00:00+00	60	open	\N	\N	2026-06-24 05:07:01.571786+00	2026-06-24 05:07:01.571786+00
e3cce8f4-b254-4011-8e98-8b7c59f5223b	a1111111-1111-1111-1111-111111111111	funeral	2026-06-13 11:00:00+00	60	open	\N	\N	2026-06-24 05:07:01.571786+00	2026-06-24 05:07:01.571786+00
d7817cbb-e6dd-476d-afdb-1dbd4c6fdac6	a1111111-1111-1111-1111-111111111111	funeral	2026-06-13 14:00:00+00	60	open	\N	\N	2026-06-24 05:07:01.571786+00	2026-06-24 05:07:01.571786+00
d8d82f86-9243-4307-9326-4f787ce5515f	a1111111-1111-1111-1111-111111111111	baptism	2026-06-20 09:00:00+00	60	open	\N	\N	2026-06-24 05:07:01.571786+00	2026-06-24 05:07:01.571786+00
def9618e-006d-4079-83c9-3681f6cc9579	a1111111-1111-1111-1111-111111111111	baptism	2026-06-20 11:00:00+00	60	open	\N	\N	2026-06-24 05:07:01.571786+00	2026-06-24 05:07:01.571786+00
6c60cdbc-184d-4024-a30b-8bd69ef701de	a1111111-1111-1111-1111-111111111111	baptism	2026-06-20 14:00:00+00	60	open	\N	\N	2026-06-24 05:07:01.571786+00	2026-06-24 05:07:01.571786+00
252b2e19-3d15-4075-bf9a-79bec89b3117	a1111111-1111-1111-1111-111111111111	wedding	2026-06-20 09:00:00+00	60	open	\N	\N	2026-06-24 05:07:01.571786+00	2026-06-24 05:07:01.571786+00
b67ffed4-e2e8-413d-b3cd-0b5fe17c8e64	a1111111-1111-1111-1111-111111111111	wedding	2026-06-20 11:00:00+00	60	open	\N	\N	2026-06-24 05:07:01.571786+00	2026-06-24 05:07:01.571786+00
23bde288-865f-43e6-9ccc-2f6c3f2ba79a	a1111111-1111-1111-1111-111111111111	wedding	2026-06-20 14:00:00+00	60	open	\N	\N	2026-06-24 05:07:01.571786+00	2026-06-24 05:07:01.571786+00
421cb26c-f4db-4927-b89f-d03a641ebb12	a1111111-1111-1111-1111-111111111111	funeral	2026-06-20 09:00:00+00	60	open	\N	\N	2026-06-24 05:07:01.571786+00	2026-06-24 05:07:01.571786+00
65151e6e-93da-43f7-a1ec-8e21ab191597	a1111111-1111-1111-1111-111111111111	funeral	2026-06-20 11:00:00+00	60	open	\N	\N	2026-06-24 05:07:01.571786+00	2026-06-24 05:07:01.571786+00
74bd225e-dbd8-4ba9-a9ee-354c66e1c1cc	a1111111-1111-1111-1111-111111111111	funeral	2026-06-20 14:00:00+00	60	open	\N	\N	2026-06-24 05:07:01.571786+00	2026-06-24 05:07:01.571786+00
37e2f6d8-d597-4a4a-867a-9415afd38423	a1111111-1111-1111-1111-111111111111	baptism	2026-06-27 14:00:00+00	60	held	934aae52-dcf9-4f05-80a4-e08024e32626	2026-06-24 05:37:01.587519+00	2026-06-24 05:07:01.571786+00	2026-06-24 05:07:01.587519+00
1504e827-04a7-4a7b-a09f-74ef7c597908	a1111111-1111-1111-1111-111111111111	wedding	2026-06-27 11:00:00+00	60	held	3b38c029-dfc5-4bc9-9cc4-1a39f7fbad67	2026-06-24 05:37:01.594425+00	2026-06-24 05:07:01.571786+00	2026-06-24 05:07:01.594425+00
12c7a556-5b15-41af-a788-f288068f03cb	a1111111-1111-1111-1111-111111111111	wedding	2026-06-27 14:00:00+00	60	held	60e96d9b-05d8-49cd-9783-43d60efd313b	2026-06-24 05:37:01.597849+00	2026-06-24 05:07:01.571786+00	2026-06-24 05:07:01.597849+00
56add11b-320c-4858-84c1-349c0db29ea4	a1111111-1111-1111-1111-111111111111	funeral	2026-06-27 09:00:00+00	60	held	b05327bb-03c8-41d0-bf56-d5fe34b740c6	2026-06-24 05:37:01.601408+00	2026-06-24 05:07:01.571786+00	2026-06-24 05:07:01.601408+00
4d6f4587-fe06-4004-a736-81dd775c7b99	a1111111-1111-1111-1111-111111111111	baptism	2026-06-27 09:00:00+00	60	held	30d283d9-0e45-426d-a566-dac72bcf72e4	2026-06-24 05:37:01.579041+00	2026-06-24 05:07:01.571786+00	2026-06-24 05:07:01.579041+00
db9916fb-6cfc-4336-87b2-409a129a1072	a1111111-1111-1111-1111-111111111111	baptism	2026-06-27 11:00:00+00	60	held	77b892b3-b785-4a93-be63-0f27ad67d3f7	2026-06-24 05:37:01.584148+00	2026-06-24 05:07:01.571786+00	2026-06-24 05:07:01.584148+00
e78685c3-d474-4946-8021-d51795ad06e6	a1111111-1111-1111-1111-111111111111	wedding	2026-06-27 09:00:00+00	60	held	26998218-10c9-4934-8fce-3fd952d3f498	2026-06-24 05:37:01.590887+00	2026-06-24 05:07:01.571786+00	2026-06-24 05:07:01.590887+00
46bc88f4-ae27-408e-afa5-79cdaca6c542	a1111111-1111-1111-1111-111111111111	funeral	2026-06-27 11:00:00+00	60	held	27db74d0-9ce7-4fdd-961e-2c949b132817	2026-06-24 05:37:01.604474+00	2026-06-24 05:07:01.571786+00	2026-06-24 05:07:01.604474+00
e8178297-3180-4a2d-a3eb-e53e20837699	a1111111-1111-1111-1111-111111111111	funeral	2026-06-27 14:00:00+00	60	held	dacbbf31-8038-42b4-8be2-7a00ae911e1e	2026-06-24 05:37:01.610227+00	2026-06-24 05:07:01.571786+00	2026-06-24 05:07:01.610227+00
\.


--
-- Data for Name: baptism_records; Type: TABLE DATA; Schema: public; Owner: -
--

COPY public.baptism_records (id, parish_id, registry_number, date_of_baptism, data, client_id) FROM stdin;
3df95718-0b78-4001-a404-daa7d59aebe2	a1111111-1111-1111-1111-111111111111	B-2026-014	2026-06-08	{"childName": "Maria Santos"}	SM-B001
3c906a9d-ddff-42e1-92c0-09ea3b75168a	a2222222-2222-2222-2222-222222222222	B-2026-031	2026-06-08	{"childName": "Jose Reyes"}	SR-B001
3ea1d4ef-495f-434d-95cd-2268aab2270f	a1111111-1111-1111-1111-111111111111	B-2026-100	2026-05-10	{"father": "Juan Domingo", "mother": "Luz Castillo", "childName": "Ana Ramos", "godparents": ["Pedro Santos", "Ana Navarro"]}	SM-BAP-0-0
885b038c-e2b8-49c1-a61d-5a17898511d5	a1111111-1111-1111-1111-111111111111	B-2026-101	2026-05-10	{"father": "Fernando Navarro", "mother": "Antonio Navarro", "childName": "Ramon Bautista", "godparents": ["Ricardo Castillo", "Juan Aquino"]}	SM-BAP-0-1
d3873ecb-d3df-4081-884f-7115fa0e8aac	a1111111-1111-1111-1111-111111111111	B-2026-102	2026-05-17	{"father": "Rosa Reyes", "mother": "Juan Santos", "childName": "Ramon Castillo", "godparents": ["Juan Aquino", "Manuel Bautista"]}	SM-BAP-1-0
88e1bbb6-a2e5-490b-9fab-3f7680fdafa0	a1111111-1111-1111-1111-111111111111	B-2026-103	2026-05-17	{"father": "Cristina Aquino", "mother": "Cristina Gonzales", "childName": "Maria Castillo", "godparents": ["Ramon Flores", "Imelda Santos"]}	SM-BAP-1-1
699d8ba5-1a80-423c-86f4-aa5b5f3d5739	a1111111-1111-1111-1111-111111111111	B-2026-104	2026-05-24	{"father": "Carmen Pascual", "mother": "Ana Bautista", "childName": "Manuel Ocampo", "godparents": ["Cristina Gonzales", "Lourdes Salazar"]}	SM-BAP-2-0
d250fc2f-696d-4a16-8aec-8da6c167d693	a1111111-1111-1111-1111-111111111111	B-2026-105	2026-05-24	{"father": "Gloria Salazar", "mother": "Andres Cruz", "childName": "Gloria Ocampo", "godparents": ["Imelda Reyes", "Antonio Torres"]}	SM-BAP-2-1
3dbd5621-d850-4225-9478-f56bf1b4af81	a1111111-1111-1111-1111-111111111111	B-2026-106	2026-05-31	{"father": "Lourdes Garcia", "mother": "Juan Bautista", "childName": "Teresa Reyes", "godparents": ["Cristina Castillo", "Cristina del Rosario"]}	SM-BAP-3-0
dcf8435c-f2b0-4eb4-8637-710670cc84ab	a1111111-1111-1111-1111-111111111111	B-2026-107	2026-05-31	{"father": "Ramon Santos", "mother": "Cristina Garcia", "childName": "Jose del Rosario", "godparents": ["Ramon Castillo", "Ricardo Navarro"]}	SM-BAP-3-1
c7ae5800-63df-40fb-996e-94ab85434356	a1111111-1111-1111-1111-111111111111	B-2026-108	2026-06-07	{"father": "Andres Cruz", "mother": "Imelda Castillo", "childName": "Manuel del Rosario", "godparents": ["Teresa Flores", "Cristina Castillo"]}	SM-BAP-4-0
09464cb6-1e65-467a-a656-369fc85262f6	a1111111-1111-1111-1111-111111111111	B-2026-109	2026-06-07	{"father": "Gloria Villanueva", "mother": "Ramon Aquino", "childName": "Teresa Santos", "godparents": ["Pedro Tolentino", "Maria Salazar"]}	SM-BAP-4-1
bdd6af27-ce9d-4e82-9834-21e503a3da54	a1111111-1111-1111-1111-111111111111	B-2026-110	2026-06-14	{"father": "Imelda Torres", "mother": "Manuel Pascual", "childName": "Andres Flores", "godparents": ["Ana Castillo", "Cristina Reyes"]}	SM-BAP-5-0
a1e83280-1231-468c-a166-1021306d1d9f	a1111111-1111-1111-1111-111111111111	B-2026-111	2026-06-14	{"father": "Jose Torres", "mother": "Lourdes Ramos", "childName": "Juan del Rosario", "godparents": ["Cristina Navarro", "Ramon Domingo"]}	SM-BAP-5-1
818eee88-f18a-48d4-afa4-d9572f395319	a1111111-1111-1111-1111-111111111111	B-2026-112	2026-06-21	{"father": "Andres Mendoza", "mother": "Antonio Castillo", "childName": "Lourdes Domingo", "godparents": ["Pedro Ocampo", "Gloria Salazar"]}	SM-BAP-6-0
e2dea010-dcc8-4bc5-b791-ecd2f5b4d6b9	a1111111-1111-1111-1111-111111111111	B-2026-113	2026-06-21	{"father": "Carmen Reyes", "mother": "Fernando Cruz", "childName": "Manuel Villanueva", "godparents": ["Gloria Navarro", "Gloria Flores"]}	SM-BAP-6-1
e2542f6b-4b8a-44a9-95ed-55c0943d5e09	a1111111-1111-1111-1111-111111111111	B-2026-114	2026-06-28	{"father": "Gloria Navarro", "mother": "Imelda Pascual", "childName": "Ana Pascual", "godparents": ["Gloria Castillo", "Imelda Domingo"]}	SM-BAP-7-0
9b18851d-ac57-4ecd-a186-53e1c9ce6ebc	a1111111-1111-1111-1111-111111111111	B-2026-115	2026-06-28	{"father": "Ramon Domingo", "mother": "Eduardo Torres", "childName": "Maria Torres", "godparents": ["Ana Salazar", "Eduardo Bautista"]}	SM-BAP-7-1
\.


--
-- Data for Name: budget_items; Type: TABLE DATA; Schema: public; Owner: -
--

COPY public.budget_items (id, parish_id, account_code, data, client_id) FROM stdin;
9fa786f2-ee50-4af8-8819-73e32b374382	a1111111-1111-1111-1111-111111111111	5100	{"period": "2026-Q2", "accountCode": "5100", "accountName": "Utilities", "monthlyBudget": 12000}	BUD-5100
ffc42240-18df-4d4f-9da3-a3b84d19919b	a1111111-1111-1111-1111-111111111111	5200	{"period": "2026-Q2", "accountCode": "5200", "accountName": "Clergy stipend", "monthlyBudget": 6500}	BUD-5200
89005ebc-96f8-45da-8015-b546c6d30328	a1111111-1111-1111-1111-111111111111	5300	{"period": "2026-Q2", "accountCode": "5300", "accountName": "Building repairs", "monthlyBudget": 8000}	BUD-5300
213338a1-868a-45ad-a836-1dafc98eaf9e	a1111111-1111-1111-1111-111111111111	5400	{"period": "2026-Q2", "accountCode": "5400", "accountName": "Catechetical materials", "monthlyBudget": 3000}	BUD-5400
4da2281a-6d96-45bc-9720-83ef5d896a70	a1111111-1111-1111-1111-111111111111	5500	{"period": "2026-Q2", "accountCode": "5500", "accountName": "Charity / SSDM", "monthlyBudget": 5000}	BUD-5500
\.


--
-- Data for Name: calendar_events; Type: TABLE DATA; Schema: public; Owner: -
--

COPY public.calendar_events (id, parish_id, date, type, officiant, location, data, client_id) FROM stdin;
2bd5e4af-ce8f-4477-933b-de0a4798e053	a1111111-1111-1111-1111-111111111111	2026-05-10	mass	Fr. Reyes	Main Church	{"start": "2026-05-10T06:00:00.000Z", "title": "Sunday Mass 6:00 AM", "massTime": "6:00 AM"}	EV-SUN-0-6:00 AM
137e745c-64c0-4c52-bf1b-d15d4663592c	a1111111-1111-1111-1111-111111111111	2026-05-10	mass	Fr. Reyes	Main Church	{"start": "2026-05-10T09:00:00.000Z", "title": "Sunday Mass 9:00 AM", "massTime": "9:00 AM"}	EV-SUN-0-9:00 AM
5bee605b-ba58-4b23-9896-fde78be79f1d	a1111111-1111-1111-1111-111111111111	2026-05-10	mass	Fr. Reyes	Main Church	{"start": "2026-05-10T18:00:00.000Z", "title": "Sunday Mass 6:00 PM", "massTime": "6:00 PM"}	EV-SUN-0-6:00 PM
6abb896d-9901-40fe-8fdf-3fe09f1d1120	a1111111-1111-1111-1111-111111111111	2026-05-06	meeting	Fr. Reyes	Parish Office	{"start": "2026-05-06T19:00:00.000Z", "title": "Parish Pastoral Council"}	EV-MTG-0
f17eb3db-f144-4878-8c40-a691d30cb2d0	a1111111-1111-1111-1111-111111111111	2026-05-17	mass	Fr. Reyes	Main Church	{"start": "2026-05-17T06:00:00.000Z", "title": "Sunday Mass 6:00 AM", "massTime": "6:00 AM"}	EV-SUN-1-6:00 AM
db22a188-7bf3-48d9-bd87-39b69c77c951	a1111111-1111-1111-1111-111111111111	2026-05-17	mass	Fr. Reyes	Main Church	{"start": "2026-05-17T09:00:00.000Z", "title": "Sunday Mass 9:00 AM", "massTime": "9:00 AM"}	EV-SUN-1-9:00 AM
2050a997-305c-442e-98a5-ca43a76c3f47	a1111111-1111-1111-1111-111111111111	2026-05-17	mass	Fr. Reyes	Main Church	{"start": "2026-05-17T18:00:00.000Z", "title": "Sunday Mass 6:00 PM", "massTime": "6:00 PM"}	EV-SUN-1-6:00 PM
6643b819-96eb-4039-a058-8c406dba4fba	a1111111-1111-1111-1111-111111111111	2026-05-13	meeting	Fr. Reyes	Parish Office	{"start": "2026-05-13T19:00:00.000Z", "title": "Parish Pastoral Council"}	EV-MTG-1
5900211f-be2a-46de-abfb-c07ab9a517cc	a1111111-1111-1111-1111-111111111111	2026-05-24	mass	Fr. Reyes	Main Church	{"start": "2026-05-24T06:00:00.000Z", "title": "Sunday Mass 6:00 AM", "massTime": "6:00 AM"}	EV-SUN-2-6:00 AM
8a198d03-a4fe-46da-a547-df006dc9a1e9	a1111111-1111-1111-1111-111111111111	2026-05-24	mass	Fr. Reyes	Main Church	{"start": "2026-05-24T09:00:00.000Z", "title": "Sunday Mass 9:00 AM", "massTime": "9:00 AM"}	EV-SUN-2-9:00 AM
93f218b4-46d7-4a9f-87cf-783a0dc30157	a1111111-1111-1111-1111-111111111111	2026-05-24	mass	Fr. Reyes	Main Church	{"start": "2026-05-24T18:00:00.000Z", "title": "Sunday Mass 6:00 PM", "massTime": "6:00 PM"}	EV-SUN-2-6:00 PM
44636f4b-bb0f-44f1-9a44-ff68609c7a40	a1111111-1111-1111-1111-111111111111	2026-05-20	meeting	Fr. Reyes	Parish Office	{"start": "2026-05-20T19:00:00.000Z", "title": "Parish Pastoral Council"}	EV-MTG-2
39d776c9-5e46-40d3-857a-0630087d121f	a1111111-1111-1111-1111-111111111111	2026-05-31	mass	Fr. Reyes	Main Church	{"start": "2026-05-31T06:00:00.000Z", "title": "Sunday Mass 6:00 AM", "massTime": "6:00 AM"}	EV-SUN-3-6:00 AM
e28ab2b4-4bc6-4daf-81f6-7cd0522c9997	a1111111-1111-1111-1111-111111111111	2026-05-31	mass	Fr. Reyes	Main Church	{"start": "2026-05-31T09:00:00.000Z", "title": "Sunday Mass 9:00 AM", "massTime": "9:00 AM"}	EV-SUN-3-9:00 AM
e04d5365-aa34-4441-97b0-d7bbbfd27eaa	a1111111-1111-1111-1111-111111111111	2026-05-31	mass	Fr. Reyes	Main Church	{"start": "2026-05-31T18:00:00.000Z", "title": "Sunday Mass 6:00 PM", "massTime": "6:00 PM"}	EV-SUN-3-6:00 PM
6c548d72-a30d-4c35-8ea0-e3b0596f9ec1	a1111111-1111-1111-1111-111111111111	2026-05-27	meeting	Fr. Reyes	Parish Office	{"start": "2026-05-27T19:00:00.000Z", "title": "Parish Pastoral Council"}	EV-MTG-3
7ae634be-8100-464f-a305-58f1c57c7387	a1111111-1111-1111-1111-111111111111	2026-06-07	mass	Fr. Reyes	Main Church	{"start": "2026-06-07T06:00:00.000Z", "title": "Sunday Mass 6:00 AM", "massTime": "6:00 AM"}	EV-SUN-4-6:00 AM
a0b5f762-9c16-46ab-93a5-4126b57cdc4c	a1111111-1111-1111-1111-111111111111	2026-06-07	mass	Fr. Reyes	Main Church	{"start": "2026-06-07T09:00:00.000Z", "title": "Sunday Mass 9:00 AM", "massTime": "9:00 AM"}	EV-SUN-4-9:00 AM
445aedce-8bae-49f1-8a5e-89bc8326ab7d	a1111111-1111-1111-1111-111111111111	2026-06-07	mass	Fr. Reyes	Main Church	{"start": "2026-06-07T18:00:00.000Z", "title": "Sunday Mass 6:00 PM", "massTime": "6:00 PM"}	EV-SUN-4-6:00 PM
d3a9e176-9ce2-416d-8878-04ff2a023cde	a1111111-1111-1111-1111-111111111111	2026-06-03	meeting	Fr. Reyes	Parish Office	{"start": "2026-06-03T19:00:00.000Z", "title": "Parish Pastoral Council"}	EV-MTG-4
616ecadd-c891-4a6a-9e04-13bb9e7d535f	a1111111-1111-1111-1111-111111111111	2026-06-14	mass	Fr. Reyes	Main Church	{"start": "2026-06-14T06:00:00.000Z", "title": "Sunday Mass 6:00 AM", "massTime": "6:00 AM"}	EV-SUN-5-6:00 AM
4e594346-6026-433f-8fce-2a5ebfb3d4ed	a1111111-1111-1111-1111-111111111111	2026-06-14	mass	Fr. Reyes	Main Church	{"start": "2026-06-14T09:00:00.000Z", "title": "Sunday Mass 9:00 AM", "massTime": "9:00 AM"}	EV-SUN-5-9:00 AM
93556e4d-76d6-4995-9d71-f5ec0df36025	a1111111-1111-1111-1111-111111111111	2026-06-14	mass	Fr. Reyes	Main Church	{"start": "2026-06-14T18:00:00.000Z", "title": "Sunday Mass 6:00 PM", "massTime": "6:00 PM"}	EV-SUN-5-6:00 PM
ed4f1d0a-85a5-4cbc-ac1e-17651696f624	a1111111-1111-1111-1111-111111111111	2026-06-10	meeting	Fr. Reyes	Parish Office	{"start": "2026-06-10T19:00:00.000Z", "title": "Parish Pastoral Council"}	EV-MTG-5
690cbc85-44fa-492b-a93a-e2d9ff96d766	a1111111-1111-1111-1111-111111111111	2026-06-21	mass	Fr. Reyes	Main Church	{"start": "2026-06-21T06:00:00.000Z", "title": "Sunday Mass 6:00 AM", "massTime": "6:00 AM"}	EV-SUN-6-6:00 AM
f3c2824a-cbe0-4e58-a0eb-90d8484e5974	a1111111-1111-1111-1111-111111111111	2026-06-21	mass	Fr. Reyes	Main Church	{"start": "2026-06-21T09:00:00.000Z", "title": "Sunday Mass 9:00 AM", "massTime": "9:00 AM"}	EV-SUN-6-9:00 AM
a38f40b1-5cae-4ef4-b860-653f8e523264	a1111111-1111-1111-1111-111111111111	2026-06-21	mass	Fr. Reyes	Main Church	{"start": "2026-06-21T18:00:00.000Z", "title": "Sunday Mass 6:00 PM", "massTime": "6:00 PM"}	EV-SUN-6-6:00 PM
a8a99f47-4645-4c56-b19d-8d1b9092ef76	a1111111-1111-1111-1111-111111111111	2026-06-17	meeting	Fr. Reyes	Parish Office	{"start": "2026-06-17T19:00:00.000Z", "title": "Parish Pastoral Council"}	EV-MTG-6
f4d1d588-1503-4ee3-862d-2bddc12af279	a1111111-1111-1111-1111-111111111111	2026-06-28	mass	Fr. Reyes	Main Church	{"start": "2026-06-28T06:00:00.000Z", "title": "Sunday Mass 6:00 AM", "massTime": "6:00 AM"}	EV-SUN-7-6:00 AM
ccf3eeda-f3a9-4573-8235-8fbb07500bd0	a1111111-1111-1111-1111-111111111111	2026-06-28	mass	Fr. Reyes	Main Church	{"start": "2026-06-28T09:00:00.000Z", "title": "Sunday Mass 9:00 AM", "massTime": "9:00 AM"}	EV-SUN-7-9:00 AM
b4c03fea-35a8-4d68-8031-77534f468631	a1111111-1111-1111-1111-111111111111	2026-06-28	mass	Fr. Reyes	Main Church	{"start": "2026-06-28T18:00:00.000Z", "title": "Sunday Mass 6:00 PM", "massTime": "6:00 PM"}	EV-SUN-7-6:00 PM
41273893-4b43-4ceb-acec-ebfa5ca4aa1e	a1111111-1111-1111-1111-111111111111	2026-06-24	meeting	Fr. Reyes	Parish Office	{"start": "2026-06-24T19:00:00.000Z", "title": "Parish Pastoral Council"}	EV-MTG-7
6940da0a-7f42-4560-adf5-5f82afd9daef	a1111111-1111-1111-1111-111111111111	2026-06-02	mass	Fr. Reyes	Main Church	{"end": "2026-06-02T11:00:00.000Z", "start": "2026-06-02T10:00:00.000Z", "title": "Wedding A"}	EV-OVL-A
38db463b-5632-45df-8364-3f61f3f92353	a1111111-1111-1111-1111-111111111111	2026-06-02	mass	Fr. Reyes	Main Church	{"end": "2026-06-02T11:00:00.000Z", "start": "2026-06-02T10:00:00.000Z", "title": "Wedding B (CONFLICT)"}	EV-OVL-B
\.


--
-- Data for Name: collections; Type: TABLE DATA; Schema: public; Owner: -
--

COPY public.collections (id, parish_id, date, mass_time, cash, checks, digital, total, posted_by, status, data, created_at, updated_at, client_id) FROM stdin;
8ad7fdc8-191d-4428-91f0-716aea475bb2	a1111111-1111-1111-1111-111111111111	2026-06-07	6:00 AM	8200	0	1500	9700	Aida	Posted	{"cash": 8200, "date": "2026-06-07", "total": 9700, "checks": 0, "status": "Posted", "digital": 1500, "massTime": "6:00 AM", "postedBy": "Aida"}	2026-06-24 05:06:26.116819+00	2026-06-24 05:06:26.116819+00	SM-C001
28ac8216-91ee-4d99-b1d8-3d181bde4b72	a1111111-1111-1111-1111-111111111111	2026-06-07	9:00 AM	15400	2000	3100	20500	Aida	Posted	{"cash": 15400, "date": "2026-06-07", "total": 20500, "checks": 2000, "status": "Posted", "digital": 3100, "massTime": "9:00 AM", "postedBy": "Aida"}	2026-06-24 05:06:26.116819+00	2026-06-24 05:06:26.116819+00	SM-C002
4960e00f-ce1b-4940-aaed-7db42459163e	a1111111-1111-1111-1111-111111111111	2026-06-07	6:00 PM	5100	0	900	6000	Aida	Posted	{"cash": 5100, "date": "2026-06-07", "total": 6000, "checks": 0, "status": "Posted", "digital": 900, "massTime": "6:00 PM", "postedBy": "Aida"}	2026-06-24 05:06:26.116819+00	2026-06-24 05:06:26.116819+00	SM-C003
919fe0eb-fb27-4dea-a84f-141046ab5f8e	a2222222-2222-2222-2222-222222222222	2026-06-07	7:00 AM	11200	0	1800	13000	Ben	Posted	{"cash": 11200, "date": "2026-06-07", "total": 13000, "checks": 0, "status": "Posted", "digital": 1800, "massTime": "7:00 AM", "postedBy": "Ben"}	2026-06-24 05:06:26.116819+00	2026-06-24 05:06:26.116819+00	SR-C001
a1e4268c-b15b-404c-9baf-786bb03c9b52	a2222222-2222-2222-2222-222222222222	2026-06-07	10:00 AM	18900	3500	4200	26600	Ben	Posted	{"cash": 18900, "date": "2026-06-07", "total": 26600, "checks": 3500, "status": "Posted", "digital": 4200, "massTime": "10:00 AM", "postedBy": "Ben"}	2026-06-24 05:06:26.116819+00	2026-06-24 05:06:26.116819+00	SR-C002
865fa9b4-6c8e-4f3a-ab8e-8978ba3e7301	a2222222-2222-2222-2222-222222222222	2026-06-07	5:00 PM	3900	0	600	4500	Ben	Posted	{"cash": 3900, "date": "2026-06-07", "total": 4500, "checks": 0, "status": "Posted", "digital": 600, "massTime": "5:00 PM", "postedBy": "Ben"}	2026-06-24 05:06:26.116819+00	2026-06-24 05:06:26.116819+00	SR-C003
3b1e9eac-7624-4e64-b185-574ae18affd4	b1111111-1111-1111-1111-111111111111	2026-06-07	8:00 AM	9000	0	1000	10000	Cubao Sec	Posted	{"cash": 9000, "date": "2026-06-07", "total": 10000, "checks": 0, "status": "Posted", "digital": 1000, "massTime": "8:00 AM", "postedBy": "Cubao Sec"}	2026-06-24 05:06:26.116819+00	2026-06-24 05:06:26.116819+00	SN-C001
3d5d41c3-5ecd-478e-96ae-0afbd3ed7956	a1111111-1111-1111-1111-111111111111	2026-05-10	6:00 AM	5000	0	2350	7350	Aida	Posted	{"cash": 5000, "date": "2026-05-10", "total": 7350, "checks": 0, "status": "Posted", "digital": 2350, "massTime": "6:00 AM", "postedBy": "Aida"}	2026-06-24 05:07:01.81075+00	2026-06-24 05:07:01.81075+00	SM-WK0-600AM
16e32b19-e7fa-4828-9c10-265d5de0b818	a1111111-1111-1111-1111-111111111111	2026-05-10	9:00 AM	8600	0	3700	12300	Aida	Posted	{"cash": 8600, "date": "2026-05-10", "total": 12300, "checks": 0, "status": "Posted", "digital": 3700, "massTime": "9:00 AM", "postedBy": "Aida"}	2026-06-24 05:07:01.814142+00	2026-06-24 05:07:01.814142+00	SM-WK0-900AM
348a3726-78b4-4e83-ba0c-b64b3e26b0bd	a1111111-1111-1111-1111-111111111111	2026-05-10	6:00 PM	8700	0	1900	10600	Aida	Posted	{"cash": 8700, "date": "2026-05-10", "total": 10600, "checks": 0, "status": "Posted", "digital": 1900, "massTime": "6:00 PM", "postedBy": "Aida"}	2026-06-24 05:07:01.816944+00	2026-06-24 05:07:01.816944+00	SM-WK0-600PM
4b5ae433-9504-48e0-807b-4aaf116e21c9	a1111111-1111-1111-1111-111111111111	2026-05-17	6:00 AM	14250	0	3800	18050	Aida	Posted	{"cash": 14250, "date": "2026-05-17", "total": 18050, "checks": 0, "status": "Posted", "digital": 3800, "massTime": "6:00 AM", "postedBy": "Aida"}	2026-06-24 05:07:01.819928+00	2026-06-24 05:07:01.819928+00	SM-WK1-600AM
c3ff1361-67f2-4538-a0ae-1e05a036b28b	a1111111-1111-1111-1111-111111111111	2026-05-17	9:00 AM	6950	0	3100	10050	Aida	Posted	{"cash": 6950, "date": "2026-05-17", "total": 10050, "checks": 0, "status": "Posted", "digital": 3100, "massTime": "9:00 AM", "postedBy": "Aida"}	2026-06-24 05:07:01.822655+00	2026-06-24 05:07:01.822655+00	SM-WK1-900AM
aca41ffb-f67f-43ee-a60d-8187db8568ae	a1111111-1111-1111-1111-111111111111	2026-05-17	6:00 PM	15250	0	1300	16550	Aida	Posted	{"cash": 15250, "date": "2026-05-17", "total": 16550, "checks": 0, "status": "Posted", "digital": 1300, "massTime": "6:00 PM", "postedBy": "Aida"}	2026-06-24 05:07:01.825447+00	2026-06-24 05:07:01.825447+00	SM-WK1-600PM
67fef7b3-956b-4422-907e-740624742bb0	a1111111-1111-1111-1111-111111111111	2026-05-24	6:00 AM	11800	0	3400	15200	Aida	Posted	{"cash": 11800, "date": "2026-05-24", "total": 15200, "checks": 0, "status": "Posted", "digital": 3400, "massTime": "6:00 AM", "postedBy": "Aida"}	2026-06-24 05:07:01.828383+00	2026-06-24 05:07:01.828383+00	SM-WK2-600AM
511221aa-ea0e-441e-b1e1-3432a2807e11	a1111111-1111-1111-1111-111111111111	2026-05-24	9:00 AM	4200	0	3250	7450	Aida	Posted	{"cash": 4200, "date": "2026-05-24", "total": 7450, "checks": 0, "status": "Posted", "digital": 3250, "massTime": "9:00 AM", "postedBy": "Aida"}	2026-06-24 05:07:01.831326+00	2026-06-24 05:07:01.831326+00	SM-WK2-900AM
a4ca9647-e734-47da-af40-3fad112dca3b	a1111111-1111-1111-1111-111111111111	2026-05-24	6:00 PM	5150	50	2050	7250	Aida	Posted	{"cash": 5150, "date": "2026-05-24", "total": 7250, "checks": 50, "status": "Posted", "digital": 2050, "massTime": "6:00 PM", "postedBy": "Aida"}	2026-06-24 05:07:01.83408+00	2026-06-24 05:07:01.83408+00	SM-WK2-600PM
46c33490-9bd1-4ad5-9260-52a4c5bdd425	a1111111-1111-1111-1111-111111111111	2026-05-31	6:00 AM	10800	0	550	11350	Aida	Posted	{"cash": 10800, "date": "2026-05-31", "total": 11350, "checks": 0, "status": "Posted", "digital": 550, "massTime": "6:00 AM", "postedBy": "Aida"}	2026-06-24 05:07:01.836885+00	2026-06-24 05:07:01.836885+00	SM-WK3-600AM
94eee2eb-45be-4217-bf12-5267877d4c72	a1111111-1111-1111-1111-111111111111	2026-05-31	9:00 AM	9750	750	2650	13150	Aida	Posted	{"cash": 9750, "date": "2026-05-31", "total": 13150, "checks": 750, "status": "Posted", "digital": 2650, "massTime": "9:00 AM", "postedBy": "Aida"}	2026-06-24 05:07:01.839728+00	2026-06-24 05:07:01.839728+00	SM-WK3-900AM
efb6bb51-82e0-4bc9-b294-e8c172cd86c3	a1111111-1111-1111-1111-111111111111	2026-05-31	6:00 PM	12700	1250	1050	15000	Aida	Posted	{"cash": 12700, "date": "2026-05-31", "total": 15000, "checks": 1250, "status": "Posted", "digital": 1050, "massTime": "6:00 PM", "postedBy": "Aida"}	2026-06-24 05:07:01.842575+00	2026-06-24 05:07:01.842575+00	SM-WK3-600PM
84e2f581-16af-4f35-a161-aec62c72155f	a1111111-1111-1111-1111-111111111111	2026-06-07	6:00 AM	7300	0	2050	9350	Aida	Posted	{"cash": 7300, "date": "2026-06-07", "total": 9350, "checks": 0, "status": "Posted", "digital": 2050, "massTime": "6:00 AM", "postedBy": "Aida"}	2026-06-24 05:07:01.845354+00	2026-06-24 05:07:01.845354+00	SM-WK4-600AM
a27f3fe2-cb40-46e3-a89b-ed8c1214834d	a1111111-1111-1111-1111-111111111111	2026-06-07	9:00 AM	4200	0	2000	6200	Aida	Posted	{"cash": 4200, "date": "2026-06-07", "total": 6200, "checks": 0, "status": "Posted", "digital": 2000, "massTime": "9:00 AM", "postedBy": "Aida"}	2026-06-24 05:07:01.848078+00	2026-06-24 05:07:01.848078+00	SM-WK4-900AM
05052d96-57a9-45cd-8349-71489806d310	a1111111-1111-1111-1111-111111111111	2026-06-07	6:00 PM	6250	0	1800	8050	Aida	Posted	{"cash": 6250, "date": "2026-06-07", "total": 8050, "checks": 0, "status": "Posted", "digital": 1800, "massTime": "6:00 PM", "postedBy": "Aida"}	2026-06-24 05:07:01.850753+00	2026-06-24 05:07:01.850753+00	SM-WK4-600PM
a5aa701b-fa6f-4ebd-aa78-78525f78350f	a1111111-1111-1111-1111-111111111111	2026-06-14	6:00 AM	14100	0	3800	17900	Aida	Posted	{"cash": 14100, "date": "2026-06-14", "total": 17900, "checks": 0, "status": "Posted", "digital": 3800, "massTime": "6:00 AM", "postedBy": "Aida"}	2026-06-24 05:07:01.853595+00	2026-06-24 05:07:01.853595+00	SM-WK5-600AM
c29b272f-2bcc-44d0-b077-086379e0dc94	a1111111-1111-1111-1111-111111111111	2026-06-14	9:00 AM	14300	0	2050	16350	Aida	Posted	{"cash": 14300, "date": "2026-06-14", "total": 16350, "checks": 0, "status": "Posted", "digital": 2050, "massTime": "9:00 AM", "postedBy": "Aida"}	2026-06-24 05:07:01.856452+00	2026-06-24 05:07:01.856452+00	SM-WK5-900AM
fe980229-961e-4c9d-aa21-a3427d709d88	a1111111-1111-1111-1111-111111111111	2026-06-14	6:00 PM	14000	1850	1100	16950	Aida	Posted	{"cash": 14000, "date": "2026-06-14", "total": 16950, "checks": 1850, "status": "Posted", "digital": 1100, "massTime": "6:00 PM", "postedBy": "Aida"}	2026-06-24 05:07:01.859461+00	2026-06-24 05:07:01.859461+00	SM-WK5-600PM
6c7b1550-5e7c-4a9b-a48f-fa6834c783b6	a1111111-1111-1111-1111-111111111111	2026-06-21	6:00 AM	7300	2800	2150	12250	Aida	Posted	{"cash": 7300, "date": "2026-06-21", "total": 12250, "checks": 2800, "status": "Posted", "digital": 2150, "massTime": "6:00 AM", "postedBy": "Aida"}	2026-06-24 05:07:01.862434+00	2026-06-24 05:07:01.862434+00	SM-WK6-600AM
dae13292-6a82-4c21-a5b9-3a1d41262b84	a1111111-1111-1111-1111-111111111111	2026-06-21	9:00 AM	6150	50	3250	9450	Aida	Posted	{"cash": 6150, "date": "2026-06-21", "total": 9450, "checks": 50, "status": "Posted", "digital": 3250, "massTime": "9:00 AM", "postedBy": "Aida"}	2026-06-24 05:07:01.865357+00	2026-06-24 05:07:01.865357+00	SM-WK6-900AM
f3c2144d-314e-48b4-93b0-f537b54583e1	a1111111-1111-1111-1111-111111111111	2026-06-21	6:00 PM	9900	2700	1300	13900	Aida	Posted	{"cash": 9900, "date": "2026-06-21", "total": 13900, "checks": 2700, "status": "Posted", "digital": 1300, "massTime": "6:00 PM", "postedBy": "Aida"}	2026-06-24 05:07:01.868396+00	2026-06-24 05:07:01.868396+00	SM-WK6-600PM
f2b76473-df87-4f68-b648-f921a58fe882	a1111111-1111-1111-1111-111111111111	2026-06-28	6:00 AM	4200	650	2750	7600	Aida	Posted	{"cash": 4200, "date": "2026-06-28", "total": 7600, "checks": 650, "status": "Posted", "digital": 2750, "massTime": "6:00 AM", "postedBy": "Aida"}	2026-06-24 05:07:01.871366+00	2026-06-24 05:07:01.871366+00	SM-WK7-600AM
1874e3eb-4418-4168-9a5b-ad648c88ad7f	a1111111-1111-1111-1111-111111111111	2026-06-28	9:00 AM	9100	0	1700	10800	Aida	Posted	{"cash": 9100, "date": "2026-06-28", "total": 10800, "checks": 0, "status": "Posted", "digital": 1700, "massTime": "9:00 AM", "postedBy": "Aida"}	2026-06-24 05:07:01.874395+00	2026-06-24 05:07:01.874395+00	SM-WK7-900AM
ba88a0a2-f6cd-4a54-b7e1-49e661458ac6	a1111111-1111-1111-1111-111111111111	2026-06-28	6:00 PM	8150	0	3950	12100	Aida	Posted	{"cash": 8150, "date": "2026-06-28", "total": 12100, "checks": 0, "status": "Posted", "digital": 3950, "massTime": "6:00 PM", "postedBy": "Aida"}	2026-06-24 05:07:01.877224+00	2026-06-24 05:07:01.877224+00	SM-WK7-600PM
\.


--
-- Data for Name: confirmation_records; Type: TABLE DATA; Schema: public; Owner: -
--

COPY public.confirmation_records (id, parish_id, registry_number, date_of_confirmation, data, client_id) FROM stdin;
88bdb3ed-d370-4932-b4f1-1104ede9312f	a1111111-1111-1111-1111-111111111111	C-2026-21	2026-05-17	{"confirmand": "Pedro Garcia"}	SM-CON-1
9165c50e-9260-4a6f-af86-f7adb7125350	a1111111-1111-1111-1111-111111111111	C-2026-24	2026-06-07	{"confirmand": "Fernando del Rosario"}	SM-CON-4
fdbdc69c-4d91-4415-9804-b2902eed1bc7	a1111111-1111-1111-1111-111111111111	C-2026-27	2026-06-28	{"confirmand": "Fernando Aquino"}	SM-CON-7
\.


--
-- Data for Name: death_records; Type: TABLE DATA; Schema: public; Owner: -
--

COPY public.death_records (id, parish_id, registry_number, date_of_burial, data, client_id) FROM stdin;
82931258-ec28-41b3-aef9-5b5c4d4e5cb8	a1111111-1111-1111-1111-111111111111	D-2026-10	2026-05-07	{"age": 66, "deceased": "Carmen Mendoza"}	SM-DTH-0
43fe56dd-6351-4b46-a7eb-5ad4b814bbd7	a1111111-1111-1111-1111-111111111111	D-2026-12	2026-05-21	{"age": 66, "deceased": "Luz Castillo"}	SM-DTH-2
32b455b0-434a-42eb-b490-b00a4ab15e2d	a1111111-1111-1111-1111-111111111111	D-2026-14	2026-06-04	{"age": 76, "deceased": "Luz Domingo"}	SM-DTH-4
47821a78-7c80-4599-8c21-e1840a06da1f	a1111111-1111-1111-1111-111111111111	D-2026-16	2026-06-18	{"age": 71, "deceased": "Fernando Tolentino"}	SM-DTH-6
\.


--
-- Data for Name: diocese_reports; Type: TABLE DATA; Schema: public; Owner: -
--

COPY public.diocese_reports (id, parish_id, diocese_id, period, collections_total, expense_total, net, by_mass_time, by_category, sacrament_counts, flagged_waivers, generated_at) FROM stdin;
39fa9e0b-c109-4d5a-9850-06462b049afe	a2222222-2222-2222-2222-222222222222	11111111-1111-1111-1111-111111111111	2026-06	44100	24000	20100	{"5:00 PM": 4500, "7:00 AM": 13000, "10:00 AM": 26600}	{"Utilities": 9000, "Building repairs": 15000}	{"deaths": 0, "baptisms": 1, "marriages": 0, "confirmations": 0}	[{"by": "Fr. Delgado", "amount": 5000, "person": "(undisclosed)"}]	2026-06-24 05:06:26.125415+00
18f5f67a-1962-44e7-8b1b-745411f85bf8	b1111111-1111-1111-1111-111111111111	22222222-2222-2222-2222-222222222222	2026-06	10000	0	10000	{"8:00 AM": 10000}	{}	{"deaths": 0, "baptisms": 0, "marriages": 0, "confirmations": 0}	[]	2026-06-24 05:06:26.125415+00
6ef45f77-ad32-43b1-8534-8b824841d63d	a1111111-1111-1111-1111-111111111111	11111111-1111-1111-1111-111111111111	2026-06	177100	86950	90150	{}	{}	{"deaths": 4, "baptisms": 16, "marriages": 4, "confirmations": 3}	[{"by": "Fr. Delgado", "amount": 8000}]	2026-06-24 05:06:26.125415+00
\.


--
-- Data for Name: families; Type: TABLE DATA; Schema: public; Owner: -
--

COPY public.families (id, parish_id, family_name, barangay, data, client_id) FROM stdin;
9f78e2a1-cdf2-4223-8df9-33c148dba5db	a1111111-1111-1111-1111-111111111111	Ramos Family	Brgy. Poblacion	{"head": "Antonio Ramos", "members": 6, "barangay": "Brgy. Sta. Cruz", "familyName": "Ramos Family"}	FAM-001
37c62eb5-11ee-44c4-9e61-4cf3198271df	a1111111-1111-1111-1111-111111111111	Castillo Family	Brgy. Bagong Silang	{"head": "Maria Castillo", "members": 3, "barangay": "Brgy. Sta. Cruz", "familyName": "Castillo Family"}	FAM-002
5a23aab2-ca76-4d44-8093-318485eb5666	a1111111-1111-1111-1111-111111111111	Ramos Family	Brgy. Bagong Silang	{"head": "Ricardo Ramos", "members": 3, "barangay": "Brgy. San Antonio", "familyName": "Ramos Family"}	FAM-003
a80e5927-4e09-4dea-9de4-48aa8bb96f38	a1111111-1111-1111-1111-111111111111	Reyes Family	Brgy. San Isidro	{"head": "Antonio Reyes", "members": 5, "barangay": "Brgy. Maligaya", "familyName": "Reyes Family"}	FAM-004
32d81763-c41a-429a-bd10-1642dcae3019	a1111111-1111-1111-1111-111111111111	Pascual Family	Brgy. Sta. Cruz	{"head": "Cristina Pascual", "members": 6, "barangay": "Brgy. Maligaya", "familyName": "Pascual Family"}	FAM-005
df3a370e-2f9b-47b6-99d7-c8730aa5c679	a1111111-1111-1111-1111-111111111111	Aquino Family	Brgy. Poblacion	{"head": "Ramon Aquino", "members": 2, "barangay": "Brgy. San Antonio", "familyName": "Aquino Family"}	FAM-006
3c7db002-ab24-40a1-8e7d-03ecfcbd4d8e	a1111111-1111-1111-1111-111111111111	Salazar Family	Brgy. San Isidro	{"head": "Eduardo Salazar", "members": 4, "barangay": "Brgy. Poblacion", "familyName": "Salazar Family"}	FAM-007
687c4b54-80c6-482c-8e0f-2b6f99650f56	a1111111-1111-1111-1111-111111111111	Villanueva Family	Brgy. San Isidro	{"head": "Jose Villanueva", "members": 7, "barangay": "Brgy. San Isidro", "familyName": "Villanueva Family"}	FAM-008
9de50109-f969-493f-be3d-b5c646ca045a	a1111111-1111-1111-1111-111111111111	Tolentino Family	Brgy. Bagong Silang	{"head": "Jose Tolentino", "members": 4, "barangay": "Brgy. Maligaya", "familyName": "Tolentino Family"}	FAM-009
7d57bede-bc11-41ed-9e5b-217104be3c10	a1111111-1111-1111-1111-111111111111	Ocampo Family	Brgy. San Antonio	{"head": "Ricardo Ocampo", "members": 3, "barangay": "Brgy. San Antonio", "familyName": "Ocampo Family"}	FAM-010
7d2094d6-93a5-4ad5-b718-80d97b985a66	a1111111-1111-1111-1111-111111111111	Mendoza Family	Brgy. Maligaya	{"head": "Jose Mendoza", "members": 4, "barangay": "Brgy. Bagong Silang", "familyName": "Mendoza Family"}	FAM-011
d95736c8-5351-4c8a-bdc8-05e05ff08211	a1111111-1111-1111-1111-111111111111	Domingo Family	Brgy. Maligaya	{"head": "Lourdes Domingo", "members": 7, "barangay": "Brgy. Bagong Silang", "familyName": "Domingo Family"}	FAM-012
263a4ae1-7efe-4307-af9b-0aad0db11b66	a1111111-1111-1111-1111-111111111111	Ramos Family	Brgy. Bagong Silang	{"head": "Manuel Ramos", "members": 6, "barangay": "Brgy. San Antonio", "familyName": "Ramos Family"}	FAM-013
751d06d9-5b7b-40b4-ba2c-e0df5512d6d6	a1111111-1111-1111-1111-111111111111	Santos Family	Brgy. Poblacion	{"head": "Gloria Santos", "members": 3, "barangay": "Brgy. Maligaya", "familyName": "Santos Family"}	FAM-014
c3f13b2e-a6ad-4999-89b4-7a79203db801	a1111111-1111-1111-1111-111111111111	Ocampo Family	Brgy. Maligaya	{"head": "Fernando Ocampo", "members": 3, "barangay": "Brgy. Sta. Cruz", "familyName": "Ocampo Family"}	FAM-015
ce2b5631-a1c3-46e0-8e26-deaf62b052de	a1111111-1111-1111-1111-111111111111	Tolentino Family	Brgy. Bagong Silang	{"head": "Maria Tolentino", "members": 5, "barangay": "Brgy. Bagong Silang", "familyName": "Tolentino Family"}	FAM-016
90df29f4-363e-4814-aef9-12b50fd618ad	a1111111-1111-1111-1111-111111111111	Domingo Family	Brgy. Poblacion	{"head": "Maria Domingo", "members": 2, "barangay": "Brgy. Sta. Cruz", "familyName": "Domingo Family"}	FAM-017
d85a18e1-0d40-4769-ae3a-9573517bcb49	a1111111-1111-1111-1111-111111111111	Domingo Family	Brgy. Poblacion	{"head": "Rosa Domingo", "members": 4, "barangay": "Brgy. Maligaya", "familyName": "Domingo Family"}	FAM-018
3bcc279d-bd96-4729-b402-5fc827c49d2d	a1111111-1111-1111-1111-111111111111	Pascual Family	Brgy. San Isidro	{"head": "Rosa Pascual", "members": 6, "barangay": "Brgy. Sta. Cruz", "familyName": "Pascual Family"}	FAM-019
83256589-4180-4c8b-91d6-ede6069cdcf6	a1111111-1111-1111-1111-111111111111	Domingo Family	Brgy. Bagong Silang	{"head": "Lourdes Domingo", "members": 7, "barangay": "Brgy. San Antonio", "familyName": "Domingo Family"}	FAM-020
cfff4a0c-a648-44ec-9758-ef3b18d4d895	a1111111-1111-1111-1111-111111111111	Tolentino Family	Brgy. Maligaya	{"head": "Ricardo Tolentino", "members": 4, "barangay": "Brgy. San Antonio", "familyName": "Tolentino Family"}	FAM-021
cd02e0e5-9895-4b57-a459-3b491fe347b3	a1111111-1111-1111-1111-111111111111	Torres Family	Brgy. Sta. Cruz	{"head": "Carmen Torres", "members": 4, "barangay": "Brgy. Bagong Silang", "familyName": "Torres Family"}	FAM-022
19700310-687c-467a-8b84-ba7696157667	a1111111-1111-1111-1111-111111111111	Aquino Family	Brgy. Sta. Cruz	{"head": "Teresa Aquino", "members": 3, "barangay": "Brgy. San Antonio", "familyName": "Aquino Family"}	FAM-023
e4b4f66b-c5d5-47c3-9f2b-e32cdddcaef3	a1111111-1111-1111-1111-111111111111	Domingo Family	Brgy. Poblacion	{"head": "Ramon Domingo", "members": 2, "barangay": "Brgy. San Antonio", "familyName": "Domingo Family"}	FAM-024
4e3e48af-b913-4982-ad1f-8da9ccc2228f	a1111111-1111-1111-1111-111111111111	Ramos Family	Brgy. Bagong Silang	{"head": "Ramon Ramos", "members": 7, "barangay": "Brgy. San Antonio", "familyName": "Ramos Family"}	FAM-025
75c88f2b-e7a4-4e7a-ba38-34da584ff2de	a1111111-1111-1111-1111-111111111111	Navarro Family	Brgy. Sta. Cruz	{"head": "Antonio Navarro", "members": 6, "barangay": "Brgy. Bagong Silang", "familyName": "Navarro Family"}	FAM-026
0b44d40a-bfdd-460e-92de-96f1d5193386	a1111111-1111-1111-1111-111111111111	Torres Family	Brgy. Maligaya	{"head": "Gloria Torres", "members": 7, "barangay": "Brgy. Bagong Silang", "familyName": "Torres Family"}	FAM-027
9cc331bd-fb01-4bb4-9056-f84dabc3514c	a1111111-1111-1111-1111-111111111111	Aquino Family	Brgy. San Isidro	{"head": "Lourdes Aquino", "members": 6, "barangay": "Brgy. Poblacion", "familyName": "Aquino Family"}	FAM-028
ef5b4b4c-2c05-4b14-aaf8-4063397034d2	a1111111-1111-1111-1111-111111111111	Salazar Family	Brgy. Bagong Silang	{"head": "Lourdes Salazar", "members": 5, "barangay": "Brgy. Sta. Cruz", "familyName": "Salazar Family"}	FAM-029
7fc33b09-9b91-4ea9-b434-b99c02a45ea1	a1111111-1111-1111-1111-111111111111	Santos Family	Brgy. Poblacion	{"head": "Lourdes Santos", "members": 6, "barangay": "Brgy. San Antonio", "familyName": "Santos Family"}	FAM-030
d076f9a8-feac-4c54-8b90-ea9913fd6f60	a1111111-1111-1111-1111-111111111111	Mendoza Family	Brgy. Bagong Silang	{"head": "Manuel Mendoza", "members": 4, "barangay": "Brgy. Maligaya", "familyName": "Mendoza Family"}	FAM-031
7930e0f0-d790-4d90-98f5-adc4aa8c27ad	a1111111-1111-1111-1111-111111111111	Torres Family	Brgy. San Antonio	{"head": "Cristina Torres", "members": 7, "barangay": "Brgy. San Isidro", "familyName": "Torres Family"}	FAM-032
2a7cd286-9f89-46cc-be3a-008ad0ed95e3	a1111111-1111-1111-1111-111111111111	Garcia Family	Brgy. San Isidro	{"head": "Antonio Garcia", "members": 2, "barangay": "Brgy. San Antonio", "familyName": "Garcia Family"}	FAM-033
76e90eeb-f847-4413-acb9-da25ff2bb263	a1111111-1111-1111-1111-111111111111	del Rosario Family	Brgy. Maligaya	{"head": "Lourdes del Rosario", "members": 7, "barangay": "Brgy. San Antonio", "familyName": "del Rosario Family"}	FAM-034
e4ac4e67-99d2-4a4e-bc6e-cd6ebc9509be	a1111111-1111-1111-1111-111111111111	Gonzales Family	Brgy. San Isidro	{"head": "Cristina Gonzales", "members": 3, "barangay": "Brgy. Maligaya", "familyName": "Gonzales Family"}	FAM-035
4efe0f78-7a0f-49b3-9fcf-c1b30828ecae	a1111111-1111-1111-1111-111111111111	Garcia Family	Brgy. San Antonio	{"head": "Teresa Garcia", "members": 7, "barangay": "Brgy. Poblacion", "familyName": "Garcia Family"}	FAM-036
9fbf8a1c-b9c8-4c9a-8745-1819ecbb2e4a	a1111111-1111-1111-1111-111111111111	Salazar Family	Brgy. Sta. Cruz	{"head": "Ana Salazar", "members": 4, "barangay": "Brgy. Poblacion", "familyName": "Salazar Family"}	FAM-037
bffdc3a3-1daa-4619-bb50-a4156bcf6903	a1111111-1111-1111-1111-111111111111	Salazar Family	Brgy. Poblacion	{"head": "Pedro Salazar", "members": 4, "barangay": "Brgy. San Antonio", "familyName": "Salazar Family"}	FAM-038
dbd4c62d-e5e3-4100-b528-09ac217af1e5	a1111111-1111-1111-1111-111111111111	Navarro Family	Brgy. Sta. Cruz	{"head": "Ana Navarro", "members": 2, "barangay": "Brgy. San Antonio", "familyName": "Navarro Family"}	FAM-039
f715c122-2c2e-420e-9a08-2ab8f2a44fe9	a1111111-1111-1111-1111-111111111111	Gonzales Family	Brgy. San Antonio	{"head": "Jose Gonzales", "members": 7, "barangay": "Brgy. Maligaya", "familyName": "Gonzales Family"}	FAM-040
5dc35b6f-8581-4b37-9bdf-6ada04cde698	a1111111-1111-1111-1111-111111111111	Navarro Family	Brgy. Poblacion	{"head": "Andres Navarro", "members": 3, "barangay": "Brgy. San Antonio", "familyName": "Navarro Family"}	FAM-041
3e6a7836-3bea-413b-8c75-b62cc128c482	a1111111-1111-1111-1111-111111111111	Reyes Family	Brgy. Bagong Silang	{"head": "Ramon Reyes", "members": 3, "barangay": "Brgy. Bagong Silang", "familyName": "Reyes Family"}	FAM-042
e4653bc8-704a-4e25-8ed4-eaea876ae02c	a1111111-1111-1111-1111-111111111111	Domingo Family	Brgy. Sta. Cruz	{"head": "Antonio Domingo", "members": 4, "barangay": "Brgy. Bagong Silang", "familyName": "Domingo Family"}	FAM-043
9ad7ce18-98f3-4049-9948-fc93ec7da85c	a1111111-1111-1111-1111-111111111111	Santos Family	Brgy. San Isidro	{"head": "Luz Santos", "members": 7, "barangay": "Brgy. San Antonio", "familyName": "Santos Family"}	FAM-044
d772ef30-ddb2-4fab-9df7-aa44fbfec943	a1111111-1111-1111-1111-111111111111	Pascual Family	Brgy. Sta. Cruz	{"head": "Jose Pascual", "members": 4, "barangay": "Brgy. Sta. Cruz", "familyName": "Pascual Family"}	FAM-045
3d58ff7f-6ad2-4d2b-b68a-94883d3f2130	a1111111-1111-1111-1111-111111111111	Navarro Family	Brgy. Poblacion	{"head": "Andres Navarro", "members": 7, "barangay": "Brgy. San Antonio", "familyName": "Navarro Family"}	FAM-046
bb9d8d1e-41cc-45e2-9526-f8abf68377b7	a1111111-1111-1111-1111-111111111111	Torres Family	Brgy. San Antonio	{"head": "Gloria Torres", "members": 7, "barangay": "Brgy. Maligaya", "familyName": "Torres Family"}	FAM-047
72849fe2-cdd4-45b1-a470-6ac10e90c96e	a1111111-1111-1111-1111-111111111111	Garcia Family	Brgy. Bagong Silang	{"head": "Luz Garcia", "members": 4, "barangay": "Brgy. San Antonio", "familyName": "Garcia Family"}	FAM-048
0450cf9c-e147-4cd4-a3f1-cce54af6d45e	a1111111-1111-1111-1111-111111111111	Gonzales Family	Brgy. Maligaya	{"head": "Antonio Gonzales", "members": 6, "barangay": "Brgy. Bagong Silang", "familyName": "Gonzales Family"}	FAM-049
d6857472-5d02-4cc3-ba49-a0a3fde79c5c	a1111111-1111-1111-1111-111111111111	Villanueva Family	Brgy. Bagong Silang	{"head": "Ricardo Villanueva", "members": 7, "barangay": "Brgy. San Isidro", "familyName": "Villanueva Family"}	FAM-050
\.


--
-- Data for Name: fee_override_audit; Type: TABLE DATA; Schema: public; Owner: -
--

COPY public.fee_override_audit (id, parish_id, ts, sacrament, registry_id, person_name, override_type, amount, reason, recorded_by, prev_hash, hash, client_id, data) FROM stdin;
b0c350c0-891e-45a7-9adc-c0023e64ac84	a1111111-1111-1111-1111-111111111111	2026-06-09 10:00:00+00	Baptism	B-2026-014	Maria Santos	waived	300	Indigent family, parish charity	Aida	GENESIS	9facacaff1a71176d06a3621e5f77eee1d2479a413ef4206819b612c50fe9236	SM-A001	{"hash": "h1", "amount": 300, "reason": "Indigent family, parish charity", "prevHash": "GENESIS", "sacrament": "Baptism", "timestamp": "2026-06-09T10:00:00", "personName": "Maria Santos", "recordedBy": "Aida", "registryId": "B-2026-014", "overrideType": "waived"}
8ad2bebd-b738-46aa-ba61-c2440c9b5c7c	a2222222-2222-2222-2222-222222222222	2026-06-11 16:30:00+00	Funeral	F-2026-008	(undisclosed)	waived	5000	Family hardship	Fr. Delgado	GENESIS	24376c20adc669a2fc769eb47e8faa551b764a85e5f757663b6ab16e987e72da	SR-A001	{"hash": "h1", "amount": 5000, "reason": "Family hardship", "prevHash": "GENESIS", "sacrament": "Funeral", "timestamp": "2026-06-11T16:30:00", "personName": "(undisclosed)", "recordedBy": "Fr. Delgado", "registryId": "F-2026-008", "overrideType": "waived"}
5b93ff86-bbe9-42e7-8072-05d0f5052f61	a1111111-1111-1111-1111-111111111111	2026-05-13 10:00:00+00	Baptism	R-0	Lourdes Torres	waived	200	Indigent family	Aida	GENESIS	4a67aa12a7acd8f4f3aee6a0268c3f3ee5106d2a5abd692d48bf9b1b1ab33956	SM-WV-0	{"hash": "client-advisory", "amount": 200, "reason": "Indigent family", "prevHash": "GENESIS", "sacrament": "Baptism", "timestamp": "2026-05-13T10:00:00.000Z", "personName": "Lourdes Torres", "recordedBy": "Aida", "registryId": "R-0", "overrideType": "waived"}
3be2711f-e249-4041-963a-a57f339f8739	a1111111-1111-1111-1111-111111111111	2026-05-20 10:00:00+00	Certificate	R-1	Pedro Ocampo	waived	150	Senior citizen	Aida	4a67aa12a7acd8f4f3aee6a0268c3f3ee5106d2a5abd692d48bf9b1b1ab33956	959d2f5e2e7819134c0bf67369082cefb107ffc95cb30edc3e79b0651858e5ca	SM-WV-1	{"hash": "client-advisory", "amount": 150, "reason": "Senior citizen", "prevHash": "4a67aa12a7acd8f4f3aee6a0268c3f3ee5106d2a5abd692d48bf9b1b1ab33956", "sacrament": "Certificate", "timestamp": "2026-05-20T10:00:00.000Z", "personName": "Pedro Ocampo", "recordedBy": "Aida", "registryId": "R-1", "overrideType": "waived"}
c7dd9628-36da-4d3e-b065-be0c7af53e26	a1111111-1111-1111-1111-111111111111	2026-05-27 10:00:00+00	Wedding	R-2	Jose Domingo	waived	8000	(no reason given)	Fr. Delgado	959d2f5e2e7819134c0bf67369082cefb107ffc95cb30edc3e79b0651858e5ca	e053dfd794356c0fa1d1217d937eb4f5963414b6ddd4dec94e53128bc1aae01f	SM-WV-2	{"hash": "client-advisory", "amount": 8000, "reason": "(no reason given)", "prevHash": "959d2f5e2e7819134c0bf67369082cefb107ffc95cb30edc3e79b0651858e5ca", "sacrament": "Wedding", "timestamp": "2026-05-27T10:00:00.000Z", "personName": "Jose Domingo", "recordedBy": "Fr. Delgado", "registryId": "R-2", "overrideType": "waived"}
\.


--
-- Data for Name: journal_entries; Type: TABLE DATA; Schema: public; Owner: -
--

COPY public.journal_entries (id, parish_id, date, reference, description, status, total_dr, total_cr, posted_by, lines, created_at, updated_at, client_id, data) FROM stdin;
f7423ea4-410f-47d4-9387-a5a41d9eafe4	a1111111-1111-1111-1111-111111111111	2026-06-10	JE-1001	June utilities & stipends	Posted	18500	18500	Aida	[{"debit": 12000, "credit": 0, "accountCode": "5100", "accountName": "Utilities"}, {"debit": 6500, "credit": 0, "accountCode": "5200", "accountName": "Clergy stipend"}]	2026-06-24 05:06:26.119511+00	2026-06-24 05:06:26.119511+00	SM-J001	{"date": "2026-06-10", "lines": [{"debit": 12000, "credit": 0, "accountCode": "5100", "accountName": "Utilities"}, {"debit": 6500, "credit": 0, "accountCode": "5200", "accountName": "Clergy stipend"}], "status": "Posted", "totalCr": 18500, "totalDr": 18500, "postedBy": "Aida", "reference": "JE-1001", "description": "June utilities & stipends"}
f1ae6ddf-5c5e-4404-910d-2fb6a417502a	a2222222-2222-2222-2222-222222222222	2026-06-10	JE-2001	June utilities & repairs	Posted	24000	24000	Ben	[{"debit": 9000, "credit": 0, "accountCode": "5100", "accountName": "Utilities"}, {"debit": 15000, "credit": 0, "accountCode": "5300", "accountName": "Building repairs"}]	2026-06-24 05:06:26.119511+00	2026-06-24 05:06:26.119511+00	SR-J001	{"date": "2026-06-10", "lines": [{"debit": 9000, "credit": 0, "accountCode": "5100", "accountName": "Utilities"}, {"debit": 15000, "credit": 0, "accountCode": "5300", "accountName": "Building repairs"}], "status": "Posted", "totalCr": 24000, "totalDr": 24000, "postedBy": "Ben", "reference": "JE-2001", "description": "June utilities & repairs"}
2941b8d7-b254-4c19-9597-f9b41c675666	a1111111-1111-1111-1111-111111111111	2026-05-05	JE-1000	Week 1 operating expenses	Posted	15500	15500	Aida	[{"debit": 9000, "credit": 0, "accountCode": "5100", "accountName": "Utilities"}, {"debit": 6500, "credit": 0, "accountCode": "5200", "accountName": "Clergy stipend"}, {"debit": 0, "credit": 15500, "accountCode": "1000", "accountName": "Cash"}]	2026-06-24 05:07:01.895157+00	2026-06-24 05:07:01.895157+00	SM-JE-WK0	{"date": "2026-05-05", "lines": [{"debit": 9000, "credit": 0, "accountCode": "5100", "accountName": "Utilities"}, {"debit": 6500, "credit": 0, "accountCode": "5200", "accountName": "Clergy stipend"}, {"debit": 0, "credit": 15500, "accountCode": "1000", "accountName": "Cash"}], "status": "Posted", "totalCr": 15500, "totalDr": 15500, "postedBy": "Aida", "reference": "JE-1000", "description": "Week 1 operating expenses"}
ec586290-bc07-4ab5-bb55-42688baebf0f	a1111111-1111-1111-1111-111111111111	2026-05-12	JE-1001	Week 2 operating expenses	Posted	19300	19300	Aida	[{"debit": 12800, "credit": 0, "accountCode": "5100", "accountName": "Utilities"}, {"debit": 6500, "credit": 0, "accountCode": "5200", "accountName": "Clergy stipend"}, {"debit": 0, "credit": 19300, "accountCode": "1000", "accountName": "Cash"}]	2026-06-24 05:07:01.898105+00	2026-06-24 05:07:01.898105+00	SM-JE-WK1	{"date": "2026-05-12", "lines": [{"debit": 12800, "credit": 0, "accountCode": "5100", "accountName": "Utilities"}, {"debit": 6500, "credit": 0, "accountCode": "5200", "accountName": "Clergy stipend"}, {"debit": 0, "credit": 19300, "accountCode": "1000", "accountName": "Cash"}], "status": "Posted", "totalCr": 19300, "totalDr": 19300, "postedBy": "Aida", "reference": "JE-1001", "description": "Week 2 operating expenses"}
e97a87ee-85d5-4149-ab53-b0aa3ed6ff41	a1111111-1111-1111-1111-111111111111	2026-05-19	JE-1002	Week 3 operating expenses	Posted	15000	15000	Aida	[{"debit": 8500, "credit": 0, "accountCode": "5100", "accountName": "Utilities"}, {"debit": 6500, "credit": 0, "accountCode": "5200", "accountName": "Clergy stipend"}, {"debit": 0, "credit": 15000, "accountCode": "1000", "accountName": "Cash"}]	2026-06-24 05:07:01.901019+00	2026-06-24 05:07:01.901019+00	SM-JE-WK2	{"date": "2026-05-19", "lines": [{"debit": 8500, "credit": 0, "accountCode": "5100", "accountName": "Utilities"}, {"debit": 6500, "credit": 0, "accountCode": "5200", "accountName": "Clergy stipend"}, {"debit": 0, "credit": 15000, "accountCode": "1000", "accountName": "Cash"}], "status": "Posted", "totalCr": 15000, "totalDr": 15000, "postedBy": "Aida", "reference": "JE-1002", "description": "Week 3 operating expenses"}
a38c92a9-b1f6-41ea-8b0d-c31c88c906ca	a1111111-1111-1111-1111-111111111111	2026-05-26	JE-1003	Week 4 operating expenses	Posted	17950	17950	Aida	[{"debit": 11450, "credit": 0, "accountCode": "5100", "accountName": "Utilities"}, {"debit": 6500, "credit": 0, "accountCode": "5200", "accountName": "Clergy stipend"}, {"debit": 0, "credit": 17950, "accountCode": "1000", "accountName": "Cash"}]	2026-06-24 05:07:01.904089+00	2026-06-24 05:07:01.904089+00	SM-JE-WK3	{"date": "2026-05-26", "lines": [{"debit": 11450, "credit": 0, "accountCode": "5100", "accountName": "Utilities"}, {"debit": 6500, "credit": 0, "accountCode": "5200", "accountName": "Clergy stipend"}, {"debit": 0, "credit": 17950, "accountCode": "1000", "accountName": "Cash"}], "status": "Posted", "totalCr": 17950, "totalDr": 17950, "postedBy": "Aida", "reference": "JE-1003", "description": "Week 4 operating expenses"}
25b51846-4707-4381-801d-2d26a1fb1e7a	a1111111-1111-1111-1111-111111111111	2026-06-02	JE-1004	Week 5 operating expenses	Posted	18850	18850	Aida	[{"debit": 12350, "credit": 0, "accountCode": "5100", "accountName": "Utilities"}, {"debit": 6500, "credit": 0, "accountCode": "5200", "accountName": "Clergy stipend"}, {"debit": 0, "credit": 18850, "accountCode": "1000", "accountName": "Cash"}]	2026-06-24 05:07:01.907193+00	2026-06-24 05:07:01.907193+00	SM-JE-WK4	{"date": "2026-06-02", "lines": [{"debit": 12350, "credit": 0, "accountCode": "5100", "accountName": "Utilities"}, {"debit": 6500, "credit": 0, "accountCode": "5200", "accountName": "Clergy stipend"}, {"debit": 0, "credit": 18850, "accountCode": "1000", "accountName": "Cash"}], "status": "Posted", "totalCr": 18850, "totalDr": 18850, "postedBy": "Aida", "reference": "JE-1004", "description": "Week 5 operating expenses"}
bfb1817b-3b8f-4689-b53c-4a45d2453df1	a1111111-1111-1111-1111-111111111111	2026-06-09	JE-1005	Week 6 operating expenses	Posted	18600	18600	Aida	[{"debit": 12100, "credit": 0, "accountCode": "5100", "accountName": "Utilities"}, {"debit": 6500, "credit": 0, "accountCode": "5200", "accountName": "Clergy stipend"}, {"debit": 0, "credit": 18600, "accountCode": "1000", "accountName": "Cash"}]	2026-06-24 05:07:01.91026+00	2026-06-24 05:07:01.91026+00	SM-JE-WK5	{"date": "2026-06-09", "lines": [{"debit": 12100, "credit": 0, "accountCode": "5100", "accountName": "Utilities"}, {"debit": 6500, "credit": 0, "accountCode": "5200", "accountName": "Clergy stipend"}, {"debit": 0, "credit": 18600, "accountCode": "1000", "accountName": "Cash"}], "status": "Posted", "totalCr": 18600, "totalDr": 18600, "postedBy": "Aida", "reference": "JE-1005", "description": "Week 6 operating expenses"}
3d43e084-7bae-460a-b411-d64a96d21ed2	a1111111-1111-1111-1111-111111111111	2026-06-16	JE-1006	Week 7 operating expenses	Posted	14950	14950	Aida	[{"debit": 8450, "credit": 0, "accountCode": "5100", "accountName": "Utilities"}, {"debit": 6500, "credit": 0, "accountCode": "5200", "accountName": "Clergy stipend"}, {"debit": 0, "credit": 14950, "accountCode": "1000", "accountName": "Cash"}]	2026-06-24 05:07:01.913097+00	2026-06-24 05:07:01.913097+00	SM-JE-WK6	{"date": "2026-06-16", "lines": [{"debit": 8450, "credit": 0, "accountCode": "5100", "accountName": "Utilities"}, {"debit": 6500, "credit": 0, "accountCode": "5200", "accountName": "Clergy stipend"}, {"debit": 0, "credit": 14950, "accountCode": "1000", "accountName": "Cash"}], "status": "Posted", "totalCr": 14950, "totalDr": 14950, "postedBy": "Aida", "reference": "JE-1006", "description": "Week 7 operating expenses"}
b8cbc766-3dc9-4cea-afbf-8330db48b00d	a1111111-1111-1111-1111-111111111111	2026-06-23	JE-1007	Week 8 operating expenses	Posted	16050	16050	Aida	[{"debit": 9550, "credit": 0, "accountCode": "5100", "accountName": "Utilities"}, {"debit": 6500, "credit": 0, "accountCode": "5200", "accountName": "Clergy stipend"}, {"debit": 0, "credit": 16050, "accountCode": "1000", "accountName": "Cash"}]	2026-06-24 05:07:01.916305+00	2026-06-24 05:07:01.916305+00	SM-JE-WK7	{"date": "2026-06-23", "lines": [{"debit": 9550, "credit": 0, "accountCode": "5100", "accountName": "Utilities"}, {"debit": 6500, "credit": 0, "accountCode": "5200", "accountName": "Clergy stipend"}, {"debit": 0, "credit": 16050, "accountCode": "1000", "accountName": "Cash"}], "status": "Posted", "totalCr": 16050, "totalDr": 16050, "postedBy": "Aida", "reference": "JE-1007", "description": "Week 8 operating expenses"}
\.


--
-- Data for Name: marriage_records; Type: TABLE DATA; Schema: public; Owner: -
--

COPY public.marriage_records (id, parish_id, registry_number, date_of_marriage, data, client_id) FROM stdin;
b5bb5e5b-ed45-4726-b28b-4241cbd495e7	a1111111-1111-1111-1111-111111111111	M-2026-50	2026-05-09	{"bride": "Ricardo del Rosario", "groom": "Juan Castillo"}	SM-MAR-0
a56c8b10-b078-42ad-9435-d4e73f046181	a1111111-1111-1111-1111-111111111111	M-2026-52	2026-05-23	{"bride": "Manuel Gonzales", "groom": "Gloria Santos"}	SM-MAR-2
25ffb74a-339e-43a5-8a33-3fa2509cb507	a1111111-1111-1111-1111-111111111111	M-2026-54	2026-06-06	{"bride": "Cristina Ramos", "groom": "Cristina Tolentino"}	SM-MAR-4
cfb8e053-3a40-4da2-a9d8-a032bf2fa704	a1111111-1111-1111-1111-111111111111	M-2026-56	2026-06-20	{"bride": "Teresa Gonzales", "groom": "Ricardo Tolentino"}	SM-MAR-6
\.


--
-- Data for Name: profiles; Type: TABLE DATA; Schema: public; Owner: -
--

COPY public.profiles (id, parish_id, diocese_id, role, full_name, created_at, email) FROM stdin;
d3333333-3333-3333-3333-333333333333	a2222222-2222-2222-2222-222222222222	11111111-1111-1111-1111-111111111111	secretary	Secretary Ben	2026-06-24 04:54:21.612668+00	ben@churchos.test
d1111111-1111-1111-1111-111111111111	\N	11111111-1111-1111-1111-111111111111	bishop	Bishop Tomas	2026-06-24 04:54:21.612668+00	bishop.manila@churchos.test
d4444444-4444-4444-4444-444444444444	\N	22222222-2222-2222-2222-222222222222	bishop	Bishop Cruz	2026-06-24 04:54:21.612668+00	bishop.cubao@churchos.test
d2222222-2222-2222-2222-222222222222	a1111111-1111-1111-1111-111111111111	11111111-1111-1111-1111-111111111111	secretary	Secretary Aida	2026-06-24 04:54:21.612668+00	aida@churchos.test
\.


--
-- PostgreSQL database dump complete
--

\unrestrict xfdfCfx3kU6csoGB9MbEELLSicgxSpevqp603anVuprc7rxYxwSFL02CtEgv7Co

